norm_grads,norm_grads_q,avg_norm_k,norm_grads_policy,loss,fps,mean_episode_length,loss_f,avg_norm_grads_f,total_timesteps,loss_policy,avg_norm_k_dot_g,loss_q,loss_bc,avg_norm_adj,mean_episode_reward,avg_norm_g,entropy,explained_variance
1.0423517227172852,1.0237812995910645,1.9999921321868896,0.19801722466945648,0.0375613197684288,0,0,-0.04138811677694321,1.5196409225463867,0,-0.04138811677694321,1.601173758506775,0.1856245994567871,-0.0,0.11937235295772552,0,1.6010684967041016,1.3862861394882202,-0.13607454299926758
0.17700952291488647,0.16063076257705688,1.9999967813491821,0.07457881420850754,-0.015421668067574501,1189,29.675,-0.014243649318814278,0.4575919806957245,32000,-0.014243649318814278,0.4532058835029602,0.025369584560394287,-0.0,0.0002774056629277766,0.15,0.4578530192375183,1.386281132698059,-0.09198713302612305
0.20413097739219666,0.1923564374446869,2.0002646446228027,0.06858950853347778,-0.050025034695863724,1224,36.425,-0.05057217925786972,0.5995606780052185,64000,-0.05057217925786972,0.5945225358009338,0.02881830371916294,-0.0,3.64762163371779e-05,0.35,0.5995959043502808,1.3862007856369019,0.04481041431427002
0.3908843398094177,0.3821549415588379,2.0001299381256104,0.08372119814157486,-0.11765570193529129,1237,33.475,-0.11284177005290985,0.515190839767456,96000,-0.11284177005290985,0.5134470462799072,0.01809518039226532,-0.0,0.003998156636953354,0.275,0.5189343094825745,1.3861525058746338,-0.07845735549926758
0.16797855496406555,0.16134661436080933,2.0000386238098145,0.04672862961888313,0.07410209625959396,1243,33.7,0.05054774880409241,0.9719773530960083,128000,0.05054774880409241,0.9781326055526733,0.07483403384685516,-0.0,0.010335845872759819,0.25,0.9815295338630676,1.3862667083740234,-0.0088578462600708
0.28021684288978577,0.2710515260696411,2.003566265106201,0.07076095789670944,-0.06783837825059891,1240,30.15,-0.06593985855579376,0.5442522764205933,160000,-0.06593985855579376,0.5455408096313477,0.023908231407403946,-0.0,0.004072658251971006,0.175,0.5481668710708618,1.385263204574585,-0.030884265899658203
0.11940490454435349,0.0992092564702034,2.0052952766418457,0.06382829695940018,0.04408399760723114,1129,34.575,0.03986690193414688,0.5378769040107727,192000,0.03986690193414688,0.5324689149856567,0.036119382828474045,-0.0,2.1153120997041697e-06,0.325,0.5378791093826294,1.3842599391937256,-0.014802336692810059
0.041626520454883575,0.031552840024232864,1.9998245239257812,0.02444307506084442,-0.012634316459298134,1064,33.2,-0.018129603937268257,0.6632030606269836,224000,-0.018129603937268257,0.66273033618927,0.038651201874017715,-0.0,0.002341989427804947,0.275,0.6653434038162231,1.3830313682556152,-0.005524158477783203
0.022651521489024162,0.022247491404414177,1.9995603561401367,0.004495724570006132,-0.03326573222875595,1017,33.35,-0.025932088494300842,0.33831554651260376,256000,-0.025932088494300842,0.3347190022468567,0.013017714023590088,-0.0,0.0,0.25,0.338315486907959,1.3842500448226929,0.09811222553253174
0.06258731335401535,0.058950506150722504,2.0002944469451904,0.021464863792061806,-0.03370779752731323,987,35.125,-0.03890221193432808,0.6498265862464905,288000,-0.03890221193432808,0.6473744511604309,0.038036592304706573,-0.0,0.0027115908451378345,0.3,0.6523626446723938,1.3823882341384888,-0.03592681884765625
0.2235846221446991,0.2173125147819519,2.0060486793518066,0.04597926512360573,0.16873911023139954,961,39.025,0.14615881443023682,1.038675308227539,320000,0.14615881443023682,1.04525625705719,0.07269240915775299,-0.0,0.00524548813700676,0.375,1.0432941913604736,1.376590371131897,0.2922224998474121
0.1300501525402069,0.127043679356575,1.9959625005722046,0.033356674015522,-0.08541929721832275,942,34.725,-0.08227436244487762,0.558080792427063,352000,-0.08227436244487762,0.5530489087104797,0.021145595237612724,-0.0,0.0059578497894108295,0.3,0.5630592107772827,1.3717730045318604,0.5253943204879761
0.08576002717018127,0.07874402403831482,2.006286144256592,0.026873301714658737,0.02854267880320549,928,36.375,0.030227959156036377,0.5394299030303955,384000,0.030227959156036377,0.5391724109649658,0.023879706859588623,-0.0,0.0003375598753336817,0.35,0.5397554636001587,1.362513542175293,0.5739037394523621
0.1308453530073166,0.12896385788917542,2.00069522857666,0.019617140293121338,-0.06139612942934036,916,36.4,-0.061487555503845215,0.7034817934036255,416000,-0.061487555503845215,0.7119500041007996,0.027177801355719566,-0.0,0.015283060260117054,0.35,0.7160555720329285,1.3497474193572998,0.6341737508773804
0.4299204647541046,0.43712297081947327,2.032956600189209,0.042853351682424545,-0.12936829030513763,906,47.575,-0.1469830721616745,1.0857105255126953,448000,-0.1469830721616745,1.1586730480194092,0.06212177872657776,-0.0,0.07729576528072357,0.6,1.1452453136444092,1.3446100950241089,0.6863245964050293
0.05715615302324295,0.05373293533921242,1.9984773397445679,0.02009597420692444,-0.0204892810434103,901,43.5,-0.021597957238554955,0.7158792018890381,480000,-0.021597957238554955,0.7237656116485596,0.028866508975625038,-0.0,0.015448801219463348,0.55,0.7285208702087402,1.3324579000473022,0.8092910051345825
0.10964163392782211,0.10015416145324707,1.999587059020996,0.03363082930445671,0.03667160123586655,893,36.875,0.03091965988278389,0.6467278003692627,512000,0.03091965988278389,0.6585394740104675,0.03816724568605423,-0.0,0.014802415855228901,0.325,0.6585215926170349,1.3331680297851562,0.6962361335754395
0.09259651601314545,0.09156099706888199,2.008514881134033,0.027846675366163254,0.01764022931456566,885,45.2,0.025791626423597336,0.3989731967449188,544000,0.025791626423597336,0.40447530150413513,0.010120431892573833,-0.0,0.0033388796728104353,0.5,0.40182310342788696,1.3211613893508911,0.9305618405342102
0.04722069948911667,0.04490824043750763,1.9976072311401367,0.01119092758744955,-0.005429992452263832,880,39.525,0.005004315171390772,0.2781704366207123,576000,0.005004315171390772,0.2791668474674225,0.005605642683804035,-0.0,0.0013924716040492058,0.375,0.2794153392314911,1.323712944984436,0.9072306156158447
0.05227181687951088,0.05314260721206665,1.9855496883392334,0.008616890758275986,-0.022856682538986206,875,36.55,-0.011857522651553154,0.24340030550956726,608000,-0.011857522651553154,0.24422749876976013,0.0046146707609295845,-0.0,0.0031080853659659624,0.3,0.24586370587348938,1.3306496143341064,0.9440018534660339
0.025961754843592644,0.024151306599378586,2.0079329013824463,0.01204456202685833,-0.01850299909710884,872,31.975,-0.006912147160619497,0.22981670498847961,640000,-0.006912147160619497,0.23166772723197937,0.0032213081140071154,-0.0,0.0014444509288296103,0.225,0.23108550906181335,1.32015061378479,0.9760119318962097
0.1191563680768013,0.11110255122184753,2.0174784660339355,0.03940143063664436,-0.047143980860710144,869,41.725,-0.04317604750394821,0.5236387252807617,672000,-0.04317604750394821,0.5247880816459656,0.018653569743037224,-0.0,0.003005674108862877,0.45,0.5263600945472717,1.3294720649719238,0.8613258004188538
0.17330339550971985,0.1462877094745636,2.0058517456054688,0.04228170961141586,-0.0668979287147522,864,33.4,-0.05668044090270996,0.2743520140647888,704000,-0.05668044090270996,0.2723613381385803,0.006345084402710199,-0.0,0.003823424456641078,0.25,0.27760449051856995,1.339003324508667,0.9582343101501465
0.11833549290895462,0.11277192831039429,1.992997169494629,0.025520920753479004,0.05157066881656647,860,39.55,0.05459507554769516,0.417608380317688,736000,0.05459507554769516,0.4250766336917877,0.02115888148546219,-0.0,0.00637520756572485,0.4,0.42264336347579956,1.3603849411010742,0.7230618596076965
0.11235979944467545,0.09668484330177307,1.9977807998657227,0.03183761239051819,-0.023317009210586548,857,42.15,-0.018474308773875237,0.45649003982543945,768000,-0.018474308773875237,0.4615681767463684,0.017192550003528595,-0.0,0.01032394077628851,0.45,0.4641672968864441,1.3438975811004639,0.8731659054756165
0.07891567796468735,0.0769176036119461,2.0193698406219482,0.033664096146821976,-0.02174358069896698,854,40.85,-0.016632817685604095,0.389609694480896,800000,-0.016632817685604095,0.4069848954677582,0.016640279442071915,-0.0,0.015005150809884071,0.375,0.4014524519443512,1.343090295791626,0.8612287044525146
0.08171680569648743,0.08431375026702881,1.9861924648284912,0.027903635054826736,-0.003536404110491276,851,35.675,0.0043141902424395084,0.38549506664276123,832000,0.0043141902424395084,0.3836017847061157,0.01085856556892395,-0.0,0.0056665800511837006,0.3,0.3898722529411316,1.3279876708984375,0.9410625696182251
0.18718887865543365,0.1851629912853241,2.0252792835235596,0.06146525219082832,0.08731120824813843,849,45.15,0.07556888461112976,0.8291085958480835,864000,0.07556888461112976,0.8262900114059448,0.05045304819941521,-0.0,0.010572431609034538,0.5,0.8377944827079773,1.3484199047088623,0.5741714239120483
0.14320512115955353,0.15452107787132263,1.9994151592254639,0.05171506479382515,0.05829170346260071,846,51.875,0.06146455556154251,0.4837079346179962,896000,0.06146455556154251,0.48514682054519653,0.02036583609879017,-0.0,0.0012047910131514072,0.725,0.4848105311393738,1.335577130317688,0.8012480735778809
0.12534627318382263,0.12367937713861465,2.0091159343719482,0.048816196620464325,0.028492987155914307,845,40.075,0.031035536900162697,0.5046916604042053,928000,0.031035536900162697,0.5140670537948608,0.021749097853899002,-0.0,0.008763903751969337,0.475,0.5121099948883057,1.3417099714279175,0.8150638341903687
0.16141773760318756,0.12400985509157181,2.046112537384033,0.12190068513154984,-0.02382202446460724,844,35.7,-0.03578467667102814,0.9435417652130127,960000,-0.03578467667102814,0.9667099118232727,0.05051199346780777,-0.0,0.03177841752767563,0.35,0.9695574641227722,1.3293344974517822,0.5920314788818359
0.21774600446224213,0.20617681741714478,1.9994761943817139,0.06537085026502609,0.08430846780538559,843,40.4,0.06827443093061447,0.9006849527359009,992000,0.06827443093061447,0.908033549785614,0.05790989473462105,-0.0,0.013135028071701527,0.475,0.9112662076950073,1.292090892791748,0.24628359079360962
0.2663889527320862,0.19735345244407654,2.1022346019744873,0.23985174298286438,0.03291057422757149,840,51.975,0.007692715618759394,1.1190593242645264,1024000,0.007692715618759394,1.2270152568817139,0.07535390555858612,-0.0,0.049590758979320526,0.7,1.157247543334961,1.2459096908569336,0.38410890102386475
0.12722550332546234,0.11157422512769699,2.0054845809936523,0.05904417112469673,-0.021542327478528023,839,44.575,-0.024407168850302696,0.6297458410263062,1056000,-0.024407168850302696,0.6404870748519897,0.031194984912872314,-0.0,0.015709426254034042,0.575,0.6424234509468079,1.2732651233673096,0.7760917544364929
0.28848475217819214,0.26736220717430115,2.057394504547119,0.07453412562608719,0.10430226475000381,837,49.4,0.08950445801019669,0.807740330696106,1088000,0.08950445801019669,0.8393996953964233,0.054874785244464874,-0.0,0.009608402848243713,0.65,0.8157197833061218,1.2639591693878174,0.5921990871429443
0.13842912018299103,0.11114459484815598,2.039368152618408,0.06384985893964767,0.012091624550521374,836,48.975,0.014557614922523499,0.518837571144104,1120000,0.014557614922523499,0.5437932014465332,0.019984081387519836,-0.0,0.016870366409420967,0.7,0.5319691896438599,1.2458031177520752,0.7662928104400635
0.18310968577861786,0.1661718189716339,1.9935235977172852,0.09882623702287674,0.049126721918582916,836,62.025,0.04082103818655014,0.8161088824272156,1152000,0.04082103818655014,0.8185202479362488,0.041931748390197754,-0.0,0.01869567483663559,1.0,0.8303220868110657,1.2660192251205444,0.6047676801681519
0.1750311255455017,0.1492397040128708,2.017026424407959,0.07332455366849899,0.05119958892464638,835,56.85,0.04912465065717697,0.7074760794639587,1184000,0.04912465065717697,0.7333731651306152,0.02902410551905632,-0.0,0.01904083974659443,0.85,0.7225183844566345,1.2437117099761963,0.7253445386886597
0.2582140862941742,0.15419483184814453,1.9843711853027344,0.24744264781475067,0.044564828276634216,834,54.85,0.03912016749382019,0.817107617855072,1216000,0.03912016749382019,0.8259297609329224,0.036167871206998825,-0.0,0.03217634931206703,0.8,0.8380465507507324,1.263927698135376,0.6320717334747314
0.49882304668426514,0.5093690752983093,2.059340000152588,0.11500681936740875,0.2351389229297638,832,66.95,0.2032148838043213,1.238226294517517,1248000,0.2032148838043213,1.291567087173462,0.08877357840538025,-0.0,0.031009385362267494,1.1,1.2616569995880127,1.2462750673294067,0.43658024072647095
0.25693970918655396,0.2418259233236313,1.9873428344726562,0.12493182718753815,0.03567569702863693,832,76.7,0.015921685844659805,0.841506838798523,1280000,0.015921685844659805,0.8671494722366333,0.06459642946720123,-0.0,0.0402115099132061,1.3,0.8711099624633789,1.254420518875122,0.5916531085968018
0.23313689231872559,0.19576898217201233,2.032752275466919,0.13323833048343658,-0.041793566197156906,831,75.075,-0.0604105181992054,1.0327452421188354,1312000,-0.0604105181992054,1.071747899055481,0.06187928467988968,-0.0,0.0552174374461174,1.3,1.0741527080535889,1.2322689294815063,0.6283525228500366
0.3320655822753906,0.2906956672668457,2.067186117172241,0.11843320727348328,-0.028676534071564674,830,57.15,-0.04517795890569687,1.147631287574768,1344000,-0.04517795890569687,1.3476828336715698,0.05643182247877121,-0.0,0.13319669663906097,0.875,1.2420496940612793,1.1714487075805664,0.6873928904533386
0.27868542075157166,0.20864488184452057,2.0248446464538574,0.18357796967029572,0.06763475388288498,829,74.525,0.06238548085093498,0.7196361422538757,1376000,0.06238548085093498,0.7465303540229797,0.034700050950050354,-0.0,0.02548404037952423,1.25,0.7386132478713989,1.2100750207901,0.8047225475311279
0.3481508195400238,0.3370189666748047,2.030792713165283,0.11736048758029938,-0.08422432839870453,829,74.05,-0.1011027842760086,0.8697546720504761,1408000,-0.1011027842760086,0.9190658330917358,0.05837015062570572,-0.0,0.06296399980783463,1.375,0.9150691032409668,1.2306616306304932,0.6796811819076538
0.7166582345962524,0.7394183874130249,1.9691919088363647,0.2072337120771408,0.26689523458480835,829,73.525,0.2466728389263153,0.9866135716438293,1440000,0.2466728389263153,0.9964281320571899,0.06401567161083221,-0.0,0.005537451710551977,1.25,0.9909914135932922,1.1785441637039185,0.7012180685997009
0.29191821813583374,0.23987194895744324,2.0596535205841064,0.1307586431503296,0.029682449996471405,829,81.625,0.014371158555150032,0.9992132186889648,1472000,0.014371158555150032,0.9993826150894165,0.054763585329055786,-0.0,0.04509245976805687,1.6,1.0323270559310913,1.20704984664917,0.6814166307449341
0.2162061482667923,0.18258008360862732,2.1283628940582275,0.12222105264663696,-0.013981468044221401,829,71.6,-0.018221933394670486,0.8765444159507751,1504000,-0.018221933394670486,1.0370986461639404,0.032027725130319595,-0.0,0.032663263380527496,1.325,0.903607964515686,1.177339792251587,0.7100585699081421
0.5036066770553589,0.49019500613212585,2.108732223510742,0.2143523246049881,-0.0675366148352623,828,82.9,-0.0953238233923912,1.057235836982727,1536000,-0.0953238233923912,1.199309229850769,0.07838629186153412,-0.0,0.089392751455307,1.7,1.1277568340301514,1.1405937671661377,0.5495696067810059
0.32496190071105957,0.3072313964366913,1.9745638370513916,0.17752951383590698,0.09867408871650696,828,89.625,0.09309492260217667,0.6979418396949768,1568000,0.09309492260217667,0.6750115156173706,0.034831222146749496,-0.0,0.007872151210904121,1.725,0.7038432955741882,1.1836448907852173,0.6242826581001282
0.31939953565597534,0.3002641201019287,2.1525776386260986,0.19902729988098145,0.10316766798496246,827,78.7,0.09151989221572876,0.9356658458709717,1600000,0.09151989221572876,1.0510528087615967,0.04637836292386055,-0.0,0.027715230360627174,1.475,0.9587031602859497,1.1541402339935303,0.5584712028503418
0.2884211242198944,0.28206005692481995,2.0552480220794678,0.15269209444522858,-0.0533740296959877,827,109.55,-0.0691780373454094,0.9553515315055847,1632000,-0.0691780373454094,1.0388576984405518,0.05451270192861557,-0.0,0.06793030351400375,2.3,1.013056755065918,1.1452343463897705,0.7422963380813599
0.4020518660545349,0.33113542199134827,2.106779098510742,0.1904323250055313,-0.036595359444618225,827,117.575,-0.06317027658224106,1.060528039932251,1664000,-0.06317027658224106,1.2412711381912231,0.07629464566707611,-0.0,0.07256115227937698,2.625,1.1167519092559814,1.157240629196167,0.6247665882110596
0.3452073931694031,0.2719669044017792,2.07338547706604,0.2172856479883194,-0.059406742453575134,827,113.55,-0.0796491950750351,1.173590064048767,1696000,-0.0796491950750351,1.2625553607940674,0.06283072382211685,-0.0,0.15148338675498962,2.4,1.2646089792251587,1.11729097366333,0.6678332686424255
0.33477967977523804,0.2408646196126938,2.129202127456665,0.18585209548473358,0.03948501497507095,828,111.525,0.024474894627928734,0.8518019914627075,1728000,0.024474894627928734,0.9715462923049927,0.05063185840845108,-0.0,0.06589414179325104,2.45,0.9003342390060425,1.0305808782577515,0.3394099473953247
0.22661632299423218,0.17875425517559052,2.124537944793701,0.19196562469005585,-0.013001923449337482,828,84.175,-0.03950440138578415,0.9825282692909241,1760000,-0.03950440138578415,1.0756070613861084,0.07381312549114227,-0.0,0.08330640941858292,1.6,1.0394107103347778,1.0404084920883179,0.5738959312438965
0.3920155465602875,0.2879662811756134,2.1095526218414307,0.29637131094932556,0.10952764004468918,828,131.125,0.09597889333963394,0.8602381944656372,1792000,0.09597889333963394,0.9441343545913696,0.04805215075612068,-0.0,0.024084463715553284,2.875,0.8783619999885559,1.0477325916290283,0.5847322344779968
0.2648586630821228,0.18376527726650238,1.9417688846588135,0.1452772170305252,0.011216608807444572,828,139.575,0.0008338153129443526,0.7062504291534424,1824000,0.0008338153129443526,0.6924594640731812,0.04409025236964226,-0.0,0.01654214970767498,3.175,0.7191564440727234,1.1662333011627197,0.5273218154907227
0.40994417667388916,0.30085015296936035,2.1051230430603027,0.2933817207813263,-0.06240255385637283,828,113.35,-0.08993972837924957,1.02642023563385,1856000,-0.08993972837924957,1.0473053455352783,0.07812817394733429,-0.0,0.08567698299884796,2.45,1.083993911743164,1.15269136428833,0.5310044884681702
0.3914540708065033,0.25730961561203003,2.3409457206726074,0.25433361530303955,0.03134391829371452,828,111.55,-0.013849714770913124,1.1366013288497925,1888000,-0.013849714770913124,1.3275152444839478,0.11013327538967133,-0.0,0.08413173258304596,2.375,1.1938035488128662,0.9873007535934448,0.4413950443267822
0.7083104252815247,0.4573229253292084,2.0435850620269775,0.475687175989151,-0.14283479750156403,828,140.2,-0.1699511557817459,1.270970106124878,1920000,-0.1699511557817459,1.4437607526779175,0.0745595246553421,-0.0,0.191071018576622,3.1,1.3954819440841675,1.016341209411621,0.714168906211853
0.3415590226650238,0.24002613127231598,2.0853636264801025,0.21822398900985718,-0.004668738692998886,828,135.875,-0.030764097347855568,0.8633187413215637,1952000,-0.030764097347855568,0.874496579170227,0.07311460375785828,-0.0,0.06437110900878906,3.15,0.9080432057380676,1.046194314956665,0.6279123425483704
0.739879310131073,0.5417495369911194,2.0719268321990967,0.41177505254745483,0.1724286824464798,828,141.475,0.1310010850429535,1.1957144737243652,1984000,0.1310010850429535,1.2057987451553345,0.10251741111278534,-0.0,0.037102822214365005,3.275,1.2248780727386475,0.9831121563911438,0.4333071708679199
0.42852598428726196,0.3327663540840149,2.071519136428833,0.23365117609500885,-0.08136434853076935,827,158.85,-0.09036649763584137,0.7522857189178467,2016000,-0.09036649763584137,0.7884533405303955,0.0392802432179451,-0.0,0.058150362223386765,3.725,0.7916154265403748,1.0637969970703125,0.6757664680480957
0.30224302411079407,0.2520686984062195,2.153881549835205,0.18417944014072418,0.05932365357875824,826,144.175,0.04186346381902695,0.8246935606002808,2048000,0.04186346381902695,0.8980525732040405,0.05587847903370857,-0.0,0.02184460684657097,3.45,0.8432793617248535,1.0479049682617188,0.585425853729248
0.37149959802627563,0.23095360398292542,2.0139031410217285,0.24714139103889465,-0.029035042971372604,827,152.225,-0.054886020720005035,0.9799178838729858,2080000,-0.054886020720005035,1.0179471969604492,0.07309053093194962,-0.0,0.06630005687475204,3.4,1.0256574153900146,1.0694289207458496,0.6040833592414856
0.46640774607658386,0.41410499811172485,1.9706432819366455,0.19288718700408936,0.14054985344409943,826,146.25,0.12700629234313965,0.9126704335212708,2112000,0.12700629234313965,0.8961968421936035,0.04765845835208893,-0.0,0.010563680902123451,3.425,0.9204781651496887,1.0285664796829224,0.5111663341522217
0.6103606820106506,0.4020237326622009,2.1631200313568115,0.4775731563568115,0.00040783267468214035,826,156.725,-0.06632591784000397,1.075002908706665,2144000,-0.06632591784000397,1.2705814838409424,0.15490420162677765,-0.0,0.13443203270435333,3.625,1.1693603992462158,1.0718350410461426,0.3756145238876343
0.6312214732170105,0.378385066986084,2.2596755027770996,0.42089569568634033,0.0708860233426094,826,175.675,0.037710439413785934,0.9899263978004456,2176000,0.037710439413785934,1.136589527130127,0.08600839227437973,-0.0,0.05019719526171684,4.25,1.0297386646270752,0.9828609228134155,0.56124347448349
0.5644924640655518,0.363551527261734,2.243049383163452,0.4223962724208832,-0.054937008768320084,826,165.375,-0.09609462320804596,1.0776724815368652,2208000,-0.09609462320804596,1.2345097064971924,0.10399755090475082,-0.0,0.11735967546701431,4.075,1.1634492874145508,1.0841162204742432,0.5923478603363037
0.3898134231567383,0.2602446675300598,2.2194325923919678,0.2490222156047821,0.11550209671258926,826,172.5,0.06418297439813614,1.0825414657592773,2240000,0.06418297439813614,1.2120410203933716,0.123745396733284,-0.0,0.06887812912464142,4.075,1.1304935216903687,1.055357575416565,0.28777390718460083
0.21234866976737976,0.16981127858161926,2.4575436115264893,0.13473156094551086,0.06474994122982025,827,175.075,0.05841023847460747,0.5749735832214355,2272000,0.05841023847460747,0.6036432981491089,0.03163396567106247,-0.0,0.009210005402565002,4.15,0.5829219222068787,0.9477278590202332,0.7810344099998474
0.5371392369270325,0.2716068923473358,3.1712963581085205,0.38357359170913696,-0.02665633149445057,827,165.175,-0.06422840058803558,0.8530261516571045,2304000,-0.06422840058803558,1.020362138748169,0.09533928334712982,-0.0,0.05559949949383736,4.1,0.9185619354248047,1.0097572803497314,0.5931582450866699
0.3726503551006317,0.3051839768886566,2.0682854652404785,0.160708948969841,0.13221827149391174,827,194.05,0.11819533258676529,0.7336429357528687,2336000,0.11819533258676529,0.7425681948661804,0.04909474402666092,-0.0,0.011835761368274689,4.95,0.7420293092727661,1.0524442195892334,0.6745473742485046
0.38067159056663513,0.3007635772228241,2.136643648147583,0.26188042759895325,0.1074792742729187,827,210.6,0.09337776899337769,0.8872021436691284,2368000,0.09337776899337769,0.8251863718032837,0.0480242595076561,-0.0,0.011627043597400188,5.325,0.8966790437698364,0.9910624623298645,0.5601882338523865
0.41539710760116577,0.20437514781951904,2.0037245750427246,0.35705065727233887,0.006694497540593147,827,191.35,-0.04136616736650467,1.1235017776489258,2400000,-0.04136616736650467,1.120236873626709,0.11531424522399902,-0.0,0.09525857865810394,4.875,1.1779855489730835,0.9596457481384277,0.44392716884613037
0.24559521675109863,0.14807681739330292,2.174818277359009,0.1578018218278885,0.05141220986843109,827,207.675,0.0508480966091156,0.5079061985015869,2432000,0.0508480966091156,0.4980791211128235,0.020989594981074333,-0.0,0.0037693914491683245,5.375,0.5110448598861694,0.9930683374404907,0.5983434915542603
0.3148787021636963,0.2058580219745636,2.0902695655822754,0.2724694311618805,0.06834671646356583,827,169.325,0.023377370089292526,1.0720393657684326,2464000,0.023377370089292526,1.06458580493927,0.1098102331161499,-0.0,0.05720440298318863,4.1,1.1078031063079834,0.9935776591300964,0.46000194549560547
0.3708004355430603,0.1858331263065338,2.132239818572998,0.30880576372146606,-0.020369771867990494,827,231.2,-0.04622236639261246,1.137279987335205,2496000,-0.04622236639261246,4.08993673324585,0.07128644734621048,-0.0,0.12202511727809906,5.975,1.4260773658752441,0.9790628552436829,0.5709421634674072
0.32813191413879395,0.298688679933548,2.0795674324035645,0.1406613141298294,0.09795279055833817,826,215.325,0.09123367071151733,0.7092117667198181,2528000,0.09123367071151733,0.7125831842422485,0.03358221799135208,-0.0,0.007914870046079159,5.5,0.7168207764625549,1.007198452949524,0.6212849617004395
0.4097384810447693,0.27079999446868896,2.0490946769714355,0.27865520119667053,0.013287152163684368,826,184.9,-0.03416864573955536,1.0871920585632324,2560000,-0.03416864573955536,1.0207793712615967,0.11556962877511978,-0.0,0.08081341534852982,4.825,1.1392297744750977,1.032901644706726,0.4686935544013977
0.32660162448883057,0.2685609757900238,2.229975700378418,0.18694131076335907,-0.03600466623902321,826,231.7,-0.051196884363889694,0.806338906288147,2592000,-0.051196884363889694,0.8843618631362915,0.05148623138666153,-0.0,0.05793445184826851,6.325,0.8544410467147827,1.0550897121429443,0.43756425380706787
0.5788010954856873,0.24315999448299408,2.111511707305908,0.5471310019493103,-0.05251210927963257,826,211.65,-0.06948857009410858,0.6354875564575195,2624000,-0.06948857009410858,0.7135554552078247,0.053740810602903366,-0.0,0.06332895904779434,5.65,0.6775528192520142,0.9893946647644043,0.6831904649734497
0.34706738591194153,0.223274827003479,2.3771438598632812,0.2241353690624237,-0.006637820973992348,826,214.625,-0.025586223229765892,1.2403109073638916,2656000,-0.025586223229765892,1.2332994937896729,0.05657796189188957,-0.0,0.19262254238128662,5.6,1.3288859128952026,0.934057891368866,0.44419217109680176
0.4475153684616089,0.22408132255077362,2.1902947425842285,0.3420182764530182,-0.0058712102472782135,826,264.575,-0.0532715804874897,1.0375412702560425,2688000,-0.0532715804874897,1.1045206785202026,0.1148480549454689,-0.0,0.08822616934776306,7.1,1.0973010063171387,1.0023657083511353,0.4535907506942749
0.45295315980911255,0.40769731998443604,2.2695412635803223,0.23081743717193604,0.04346973076462746,826,274.5,0.0218290276825428,0.793246865272522,2720000,0.0218290276825428,0.9226802587509155,0.061998020857572556,-0.0,0.026802534237504005,7.525,0.8142269849777222,0.9358304738998413,0.2211349606513977
0.25358662009239197,0.22345516085624695,2.025304079055786,0.16562047600746155,0.07491230219602585,826,241.375,0.07029862701892853,0.8060537576675415,2752000,0.07029862701892853,0.7782568335533142,0.02830233797430992,-0.0,0.023069456219673157,6.625,0.8213726282119751,0.9537495374679565,0.6356152892112732
0.4154573678970337,0.22661997377872467,2.0937533378601074,0.36358729004859924,-0.039493802934885025,826,229.1,-0.07958413660526276,3.4246997833251953,2784000,-0.07958413660526276,4.285094261169434,0.09931479394435883,-0.0,0.7141310572624207,6.175,3.8619377613067627,0.9567064046859741,0.4866195321083069
0.4609653055667877,0.3326398432254791,2.5176265239715576,0.27243322134017944,0.08299999684095383,826,237.5,0.069576196372509,1.0494710206985474,2816000,0.069576196372509,1.2957767248153687,0.04727591201663017,-0.0,0.0064653875306248665,6.5,1.0551068782806396,1.0214159488677979,0.486316978931427
0.45989394187927246,0.31497105956077576,2.387387990951538,0.3377479612827301,-0.07948970049619675,827,191.6,-0.11340920627117157,0.7388862371444702,2848000,-0.11340920627117157,0.8802409172058105,0.08876702189445496,-0.0,0.06768369674682617,4.9,0.7934828996658325,1.0464004278182983,0.40933167934417725
0.44016966223716736,0.240508571267128,2.1833014488220215,0.3118878901004791,0.024247217923402786,827,233.6,-0.017860211431980133,1.235274314880371,2880000,-0.017860211431980133,1.50747549533844,0.10444483906030655,-0.0,0.05958870053291321,6.35,1.2785890102386475,1.0114989280700684,0.5348792672157288
0.5487784743309021,0.3414149284362793,2.5969157218933105,0.4308761954307556,0.0041333213448524475,827,287.675,-0.08611750602722168,2.1262118816375732,2912000,-0.08611750602722168,7.051490783691406,0.20062680542469025,-0.0,0.13992926478385925,8.275,2.2201361656188965,1.0062575340270996,0.33657270669937134
0.45016154646873474,0.16887283325195312,2.2056305408477783,0.44613292813301086,0.07403036952018738,827,266.6,0.03860625997185707,0.9118763208389282,2944000,0.03860625997185707,0.9675445556640625,0.08888380229473114,-0.0,0.06748579442501068,7.725,0.9522304534912109,0.9017797708511353,0.507274329662323
0.2267012596130371,0.16743803024291992,2.1625001430511475,0.14038121700286865,0.05850084125995636,827,301.525,0.05471593141555786,0.5550259351730347,2976000,0.05471593141555786,0.5937317609786987,0.027050718665122986,-0.0,0.009272444061934948,8.3,0.5657899379730225,0.9740447998046875,0.5648325681686401
0.17674466967582703,0.11174261569976807,2.0531506538391113,0.1356869488954544,0.015139514580368996,827,231.65,0.013367908075451851,0.5599853992462158,3008000,0.013367908075451851,0.5480009317398071,0.024410001933574677,-0.0,0.010271308943629265,6.775,0.5692077875137329,1.043339490890503,0.5045231580734253
0.44206589460372925,0.4220763146877289,2.207775831222534,0.20334990322589874,0.1832975596189499,827,256.5,0.16266317665576935,0.8402940034866333,3040000,0.16266317665576935,0.9470334053039551,0.06184699386358261,-0.0,0.005553757306188345,7.35,0.8446773290634155,1.028911828994751,0.3018207550048828
0.3719490170478821,0.2657608985900879,2.31937575340271,0.26335495710372925,0.10362820327281952,827,238.625,0.08394472301006317,0.81788569688797,3072000,0.08394472301006317,0.8919852375984192,0.058440279215574265,-0.0,0.031749218702316284,6.475,0.8389710187911987,0.9536658525466919,0.3648274540901184
0.22515733540058136,0.10686012357473373,3.296562671661377,0.19212187826633453,0.0201683659106493,827,269.725,0.007768762297928333,0.8401130437850952,3104000,0.007768762297928333,1.1120065450668335,0.04334377124905586,-0.0,0.03827548772096634,8.125,0.8677970767021179,0.9272283315658569,0.5277884006500244
0.5663484930992126,0.42176416516304016,2.410444736480713,0.4186849892139435,-0.08863063156604767,827,293.5,-0.17372620105743408,1.4499765634536743,3136000,-0.17372620105743408,1.6317256689071655,0.18916694819927216,-0.0,0.2394305169582367,9.325,1.595482349395752,0.9487900733947754,0.46014392375946045
0.31269192695617676,0.2700292468070984,2.701672077178955,0.15848557651042938,0.1007935181260109,827,295.875,0.0938090831041336,0.6815121173858643,3168000,0.0938090831041336,0.8303862810134888,0.03284122422337532,-0.0,0.004231940023601055,8.65,0.6855193972587585,0.9436176419258118,0.7145187854766846
0.1902063935995102,0.1381962150335312,2.3626067638397217,0.14018988609313965,0.025516586378216743,827,302.175,0.022763093933463097,0.540841281414032,3200000,0.022763093933463097,0.5915359854698181,0.024799896404147148,-0.0,0.01147211343050003,9.5,0.5491312742233276,0.964645504951477,0.6662890911102295
0.20150582492351532,0.09245862066745758,2.0313572883605957,0.17654255032539368,0.00948235671967268,827,287.55,-0.005149553995579481,0.5584847927093506,3232000,-0.005149553995579481,0.5262216329574585,0.049926239997148514,-0.0,0.03563112020492554,9.075,0.5794702172279358,1.03312087059021,0.632033109664917
0.3384139835834503,0.25685128569602966,2.139252185821533,0.14099295437335968,0.04570513218641281,827,370.45,0.04344063252210617,0.6139161586761475,3264000,0.04344063252210617,0.6680465936660767,0.024447496980428696,-0.0,0.02495390549302101,11.6,0.6297028064727783,0.9959253072738647,0.6117279529571533
0.8364843726158142,0.44555366039276123,2.048474073410034,0.612694501876831,-0.008907023817300797,827,294.4,-0.06184893846511841,0.9972773790359497,3296000,-0.06184893846511841,1.3260712623596191,0.12679210305213928,-0.0,0.1181793063879013,8.95,1.1121537685394287,1.0454137325286865,0.4926760196685791
0.3492316007614136,0.2912387251853943,2.4017088413238525,0.18840405344963074,0.02980240434408188,827,248.6,0.015434538945555687,0.7766815423965454,3328000,0.015434538945555687,0.8694540858268738,0.048175472766160965,-0.0,0.020719263702630997,6.775,0.7961260080337524,0.9719871282577515,0.055198609828948975
0.5338351130485535,0.2686966061592102,2.812498092651367,0.46077489852905273,0.07064788043498993,827,296.675,-0.031207706779241562,1.0173132419586182,3360000,-0.031207706779241562,1.208382248878479,0.22266213595867157,-0.0,0.11550717055797577,9.1,1.0971086025238037,0.947548508644104,0.1706334352493286
0.18157650530338287,0.13184846937656403,2.634450912475586,0.14383189380168915,0.025534402579069138,827,316.375,0.02429373562335968,0.6016657948493958,3392000,0.02429373562335968,0.6223006248474121,0.021476805210113525,-0.0,0.01166252326220274,9.45,0.6180569529533386,0.9497736692428589,0.6868258714675903
0.873222291469574,0.46135106682777405,2.9390804767608643,0.7985497713088989,-0.05756869912147522,828,310.725,-0.15238773822784424,1.1946873664855957,3424000,-0.15238773822784424,1.2653486728668213,0.20917315781116486,-0.0,0.11354050785303116,9.525,1.2648141384124756,0.9767538905143738,0.3695055842399597
0.40603670477867126,0.2958718240261078,2.3398592472076416,0.3167533278465271,0.010425865650177002,828,285.9,-0.04876626282930374,0.9493681192398071,3456000,-0.04876626282930374,1.1293582916259766,0.13912862539291382,-0.0,0.08097480237483978,10.8,1.003919243812561,1.037218451499939,0.4873426556587219
0.17592480778694153,0.06305985897779465,2.381742000579834,0.16740839183330536,-0.007823074236512184,828,308.925,-0.008540342561900616,0.5314651131629944,3488000,-0.008540342561900616,0.4510452151298523,0.020328477025032043,-0.0,0.01291134674102068,9.475,0.5396155118942261,0.9446970224380493,0.6536032557487488
5.516451835632324,4.807704925537109,2.654022216796875,2.0954530239105225,0.3459828495979309,828,342.625,-0.4808441996574402,1.9242196083068848,3520000,-0.4808441996574402,1.4027087688446045,1.6724739074707031,-0.0,0.16401489078998566,10.975,2.029170513153076,0.9409894943237305,-1.7637903690338135
0.26242178678512573,0.11568143218755722,2.308382749557495,0.21254950761795044,0.013774402439594269,828,280.05,0.008783645927906036,0.6925603747367859,3552000,0.008783645927906036,0.7855216264724731,0.02822158671915531,-0.0,0.01724408194422722,9.975,0.7060919404029846,0.9120036363601685,0.4999203085899353
1.1959819793701172,1.176883578300476,3.9046072959899902,0.36107268929481506,0.010294188745319843,828,275.55,-0.05774456262588501,1.0870720148086548,3584000,-0.05774456262588501,2.0362179279327393,0.15301895141601562,-0.0,0.11230818927288055,9.25,1.2697447538375854,0.8470724821090698,0.6759145259857178
0.4107570946216583,0.35247236490249634,2.2990267276763916,0.23075856268405914,0.12741388380527496,828,283.6,0.1102491170167923,0.9202812910079956,3616000,0.1102491170167923,0.8462749719619751,0.051259845495224,-0.0,0.008873317390680313,9.675,0.9269051551818848,0.8465163111686707,0.22428548336029053
0.3795202374458313,0.2800752520561218,2.4695327281951904,0.30330154299736023,0.1010487973690033,828,311.625,0.08414441347122192,0.8718835115432739,3648000,0.08414441347122192,0.9958741068840027,0.05135425180196762,-0.0,0.01880495250225067,10.6,0.890766978263855,0.8772749900817871,0.1809450387954712
0.33453309535980225,0.2342604100704193,2.846421241760254,0.23219910264015198,0.08406078815460205,829,318.775,0.07124589383602142,0.6024801135063171,3680000,0.07124589383602142,0.76446932554245,0.04412303864955902,-0.0,0.017033962532877922,11.3,0.6294087767601013,0.9246622323989868,0.36245787143707275
0.28284502029418945,0.14553683996200562,2.2064499855041504,0.272870272397995,0.034361496567726135,828,272.25,0.03330012038350105,0.6498572826385498,3712000,0.03330012038350105,0.7857136726379395,0.02117214910686016,-0.0,0.0639820247888565,9.55,0.6944946050643921,0.9524700045585632,0.70346999168396
0.7794729471206665,0.6130517721176147,2.5039010047912598,0.3217394948005676,0.11379031836986542,829,309.2,0.10304834693670273,0.7516734600067139,3744000,0.10304834693670273,0.9994925260543823,0.03950129821896553,-0.0,0.004856572952121496,11.3,0.7555595636367798,0.9008678197860718,0.7645998597145081
1.5942893028259277,1.131195068359375,2.3692619800567627,1.157267689704895,0.3633766770362854,829,276.65,0.1781507134437561,2.0411810874938965,3776000,0.1781507134437561,2.2104833126068115,0.38819703459739685,-0.0,0.23405897617340088,10.1,2.2012391090393066,0.8872563242912292,0.3790730834007263
0.39640650153160095,0.30477842688560486,1.888824224472046,0.2530718445777893,0.10750828683376312,829,330.25,0.08414844423532486,0.8800134062767029,3808000,0.08414844423532486,0.9051944613456726,0.06544400751590729,-0.0,0.05438826605677605,12.425,0.921502947807312,0.9362160563468933,0.12666666507720947
0.5382395386695862,0.3477105498313904,2.9893226623535156,0.4088154435157776,0.04428313672542572,829,312.675,-0.05691976472735405,0.9358696937561035,3840000,-0.05691976472735405,1.0043150186538696,0.2199993133544922,-0.0,0.07319221645593643,12.875,0.9865617752075195,0.8796753883361816,0.2644200325012207
0.4478415846824646,0.40025803446769714,2.3884451389312744,0.21281693875789642,0.13990351557731628,829,324.45,0.120566725730896,0.7335203289985657,3872000,0.120566725730896,0.8220149278640747,0.05648825690150261,-0.0,0.0074130273424088955,13.15,0.740130603313446,0.8907337188720703,0.6117513179779053
0.5729129910469055,0.46871834993362427,2.6170175075531006,0.34604892134666443,-0.04154663160443306,828,336.6,-0.1063794270157814,1.0174583196640015,3904000,-0.1063794270157814,1.3743445873260498,0.14682598412036896,-0.0,0.10943206399679184,13.325,1.1067129373550415,0.8580196499824524,0.3263024687767029
0.7046003937721252,0.5618669390678406,6.734889984130859,0.4869591295719147,0.03779461979866028,828,371.2,-0.0608622208237648,1.2488534450531006,3936000,-0.0608622208237648,3.204493999481201,0.21400997042655945,-0.0,0.05440949648618698,18.6,1.285940170288086,0.8348145484924316,0.49415743350982666
0.4576131999492645,0.3458983302116394,3.3600449562072754,0.2814067304134369,-0.005911863408982754,828,292.875,-0.02483372949063778,0.7360379695892334,3968000,-0.02483372949063778,0.6970133781433105,0.055271558463573456,-0.0,0.03309694677591324,10.35,0.7589908838272095,0.8713912963867188,0.9727187752723694
0.9872212409973145,0.655601441860199,2.5101187229156494,0.7752403020858765,0.16479277610778809,828,294.175,0.057296913117170334,0.9198011159896851,4000000,0.057296913117170334,0.9635780453681946,0.2318267524242401,-0.0,0.05054343864321709,13.4,0.9489657282829285,0.8417513966560364,0.5653101801872253
0.8725104928016663,0.7021636366844177,2.6048896312713623,0.5028854608535767,-0.13689321279525757,828,353.375,-0.24644498527050018,2.282651424407959,4032000,-0.24644498527050018,1.9029604196548462,0.23703518509864807,-0.0,0.16142530739307404,13.75,2.3999054431915283,0.8965827822685242,0.3238109350204468
5.349572658538818,4.774106979370117,95.33648681640625,1.7777776718139648,0.20932817459106445,828,358.975,-0.42656010389328003,2.0685598850250244,4064000,-0.42656010389328003,10.484895706176758,1.2881683111190796,-0.0,0.16381077468395233,15.55,2.2588441371917725,0.8195877075195312,0.23079431056976318
2.1409432888031006,1.7508598566055298,2.346407651901245,1.3450559377670288,0.5018921494483948,828,294.35,0.11427666991949081,2.2611169815063477,4096000,0.11427666991949081,2.2063002586364746,0.792437732219696,-0.0,0.1766863316297531,12.85,2.3499135971069336,0.8603366613388062,0.540532112121582
1.2074607610702515,0.7619180679321289,2.4154603481292725,0.8787252902984619,0.10110636800527573,828,332.325,-0.1362437754869461,1.741884708404541,4128000,-0.1362437754869461,1.9001878499984741,0.4922800660133362,-0.0,0.18704962730407715,15.775,1.8688147068023682,0.8789892196655273,0.39311397075653076
0.46115586161613464,0.356509804725647,2.793484687805176,0.2983315885066986,0.011872755363583565,828,343.9,-0.040061481297016144,0.916437029838562,4160000,-0.040061481297016144,1.0456950664520264,0.12009993940591812,-0.0,0.07664519548416138,16.05,0.9684394598007202,0.811573326587677,0.7005883455276489
0.5148259997367859,0.43774884939193726,2.9148776531219482,0.26707661151885986,0.11481518298387527,828,336.875,0.09758466482162476,0.7790353298187256,4192000,0.09758466482162476,0.8176247477531433,0.0503302738070488,-0.0,0.00802699290215969,14.75,0.7832342386245728,0.7934622168540955,0.7733507752418518
0.8838170766830444,0.6430056691169739,2.877943754196167,0.5262039303779602,-0.014890069141983986,828,343.925,-0.06544327735900879,0.8483594059944153,4224000,-0.06544327735900879,0.8826940655708313,0.11725042760372162,-0.0,0.04392241686582565,15.375,0.8934799432754517,0.80720055103302,0.7591725587844849
0.8676597476005554,0.5365755558013916,2.686077117919922,0.6255998611450195,0.0001403801143169403,828,354.025,-0.07972946763038635,0.9909939765930176,4256000,-0.07972946763038635,1.1748050451278687,0.1760399341583252,-0.0,0.09531886875629425,16.65,1.051782250404358,0.8150119781494141,0.61541748046875
2.2650885581970215,1.8132390975952148,4.337080001831055,1.0301854610443115,0.06966032832860947,828,375.225,-0.16801032423973083,1.2451698780059814,4288000,-0.16801032423973083,1.3642570972442627,0.4919649064540863,-0.0,0.11226202547550201,15.95,1.3266422748565674,0.831180214881897,0.592568039894104
3.3107988834381104,3.107963800430298,3.1554524898529053,0.7670115232467651,0.0689253956079483,828,425.25,-0.32312509417533875,1.7352728843688965,4320000,-0.32312509417533875,2.269843339920044,0.7997740507125854,-0.0,0.248261496424675,19.1,1.9304096698760986,0.7836534380912781,-0.10058951377868652
0.5505017042160034,0.43719416856765747,3.3834426403045654,0.3291926681995392,0.10967030376195908,828,364.725,0.029248226433992386,0.734694242477417,4352000,0.029248226433992386,0.8270052671432495,0.17777657508850098,-0.0,0.021574191749095917,16.675,0.7576864957809448,0.8466207385063171,0.665942370891571
0.48430272936820984,0.33748582005500793,2.5256028175354004,0.3454999625682831,0.0652347207069397,828,375.3,0.04014646261930466,0.7592427730560303,4384000,0.04014646261930466,0.7992826700210571,0.06671583652496338,-0.0,0.023985203355550766,18.775,0.776241660118103,0.826966404914856,0.8183410167694092
0.4708019495010376,0.4074915945529938,2.904357671737671,0.23702430725097656,0.14630340039730072,828,374.9,0.11415352672338486,1.0720021724700928,4416000,0.11415352672338486,1.079545497894287,0.08019241690635681,-0.0,0.009929063729941845,16.575,1.0821446180343628,0.794632613658905,0.7419627904891968
1.8199833631515503,1.6751822233200073,2.443894624710083,0.8436126708984375,0.007029584608972073,828,365.85,-0.2738116383552551,1.3722025156021118,4448000,-0.2738116383552551,1.6009585857391357,0.5768516063690186,-0.0,0.18846972286701202,15.9,1.519726037979126,0.7584580183029175,0.7117384076118469
1.2353761196136475,0.9482665061950684,2.982478618621826,0.5986673831939697,0.0855109691619873,828,452.275,-0.04152583330869675,1.1747428178787231,4480000,-0.04152583330869675,1.1947059631347656,0.26879650354385376,-0.0,0.09164243191480637,20.05,1.2260215282440186,0.7361451387405396,0.7698997259140015
0.6637474298477173,0.4515261948108673,2.4232611656188965,0.5466789603233337,0.07958539575338364,828,493.05,0.015703266486525536,1.6672282218933105,4512000,0.015703266486525536,1.8333454132080078,0.14189644157886505,-0.0,0.05724406987428665,22.475,1.7325410842895508,0.7066091299057007,0.808039665222168
0.7416206002235413,0.5028018355369568,2.45098876953125,0.48432064056396484,0.11565566807985306,828,477.525,0.07461421191692352,1.203792929649353,4544000,0.07461421191692352,1.080613613128662,0.0973413810133934,-0.0,0.08606752753257751,21.4,1.2436833381652832,0.7629241347312927,0.7941057682037354
0.3316560983657837,0.2536349594593048,3.0104949474334717,0.2391464114189148,-0.007233445532619953,828,418.15,-0.02769489586353302,0.8791723251342773,4576000,-0.02769489586353302,1.076258897781372,0.05715625360608101,-0.0,0.04323375225067139,18.725,0.9238030314445496,0.8116676211357117,0.9303504228591919
0.9431751370429993,0.8382734060287476,3.000093698501587,0.40915682911872864,0.08162418007850647,828,367.4,-0.029108714312314987,1.0430026054382324,4608000,-0.029108714312314987,1.2482293844223022,0.23725633323192596,-0.0,0.08498265594244003,14.55,1.1198194026947021,0.7895273566246033,0.7647807598114014
0.42422136664390564,0.3450991213321686,2.3707642555236816,0.26814162731170654,-0.003656368236988783,828,433.1,-0.03484063595533371,0.7807056903839111,4640000,-0.03484063595533371,0.815505862236023,0.0777960792183876,-0.0,0.0396481528878212,18.975,0.8113802671432495,0.7713772058486938,0.9298688173294067
1.7294113636016846,1.4984571933746338,2.2386887073516846,0.7092808485031128,0.1471267193555832,828,457.1,-0.04676142334938049,1.3771624565124512,4672000,-0.04676142334938049,1.5198794603347778,0.40434685349464417,-0.0,0.11822167783975601,20.275,1.468050241470337,0.8285284042358398,0.7198361158370972
0.6046721339225769,0.5248174667358398,2.499706745147705,0.26398253440856934,0.030414557084441185,828,465.575,-0.012456853874027729,1.8986345529556274,4704000,-0.012456853874027729,3.474616527557373,0.0998033806681633,-0.0,0.06654442846775055,18.975,1.9648078680038452,0.7030280232429504,0.9229124784469604
1.4125763177871704,1.249812364578247,2.2977027893066406,0.567854106426239,0.23893579840660095,828,374.425,0.09442231059074402,1.2687053680419922,4736000,0.09442231059074402,1.3893015384674072,0.3039852976799011,-0.0,0.053031861782073975,16.125,1.3151086568832397,0.7479168176651001,0.8597912788391113
1.3757542371749878,1.1548340320587158,4.956789493560791,0.6027169823646545,-0.03446703404188156,829,442.6,-0.11585664749145508,1.0779091119766235,4768000,-0.11585664749145508,1.5295531749725342,0.17873084545135498,-0.0,0.11397814750671387,18.575,1.1684191226959229,0.7975809574127197,0.8607821464538574
1.058344841003418,0.8037838935852051,2.8442330360412598,0.748635470867157,0.3088146150112152,829,383.575,0.20942473411560059,1.8655869960784912,4800000,0.20942473411560059,1.9788774251937866,0.21586564183235168,-0.0,0.019291523844003677,16.425,1.8913185596466064,0.8542930483818054,0.4900355935096741
1.2178844213485718,1.045937418937683,2.087615489959717,0.7624490857124329,0.13390859961509705,829,359.625,-0.04097778722643852,1.9749950170516968,4832000,-0.04097778722643852,1.6984055042266846,0.36544808745384216,-0.0,0.22554871439933777,16.725,2.098508358001709,0.7837652564048767,0.7318227291107178
0.5750806927680969,0.45592328906059265,2.439084529876709,0.3832804560661316,0.10547573119401932,829,485.05,0.05980173498392105,1.305068016052246,4864000,0.05980173498392105,2.06870698928833,0.10683252662420273,-0.0,0.039823371917009354,22.75,1.3376035690307617,0.7742264270782471,0.926772952079773
0.448651522397995,0.3352997899055481,2.5344443321228027,0.29708361625671387,-0.045441463589668274,829,409.7,-0.06972566992044449,0.7033672332763672,4896000,-0.06972566992044449,0.754998505115509,0.06434465199708939,-0.0,0.034629762172698975,17.475,0.7341542840003967,0.7888118028640747,0.9583353996276855
0.5138331651687622,0.43435993790626526,4.455063819885254,0.2914300560951233,-0.11396361887454987,829,530.55,-0.13600878417491913,0.7878409624099731,4928000,-0.13600878417491913,0.9677335619926453,0.060865260660648346,-0.0,0.04154602065682411,23.725,0.8355203866958618,0.8387465476989746,0.9735921621322632
0.8094292283058167,0.7622483968734741,4.066716194152832,0.3947785496711731,0.150139719247818,829,466.4,0.08242499828338623,3.6653778553009033,4960000,0.08242499828338623,3.609527587890625,0.1502522975206375,-0.0,1.2669810056686401,21.225,4.1749677658081055,0.7411413192749023,0.9037232995033264
1.3105520009994507,1.2786482572555542,2.53635835647583,0.5093375444412231,0.23871885240077972,829,520.475,0.04479273036122322,1.4682307243347168,4992000,0.04479273036122322,1.73079514503479,0.40327781438827515,-0.0,0.0724177211523056,14.9,1.5312118530273438,0.7712783813476562,0.9263516664505005
1.2501320838928223,1.0931950807571411,2.6559653282165527,0.6647275686264038,0.10041031241416931,829,461.225,0.03002704307436943,1.4962997436523438,5024000,0.03002704307436943,2.3469247817993164,0.1560787707567215,-0.0,0.09258322417736053,15.425,1.5787794589996338,0.7656115293502808,0.9382563233375549
1.5149208307266235,1.3111467361450195,2.5346407890319824,0.8930296301841736,0.05117359757423401,829,550.7,-0.15987743437290192,2.2292041778564453,5056000,-0.15987743437290192,2.0508670806884766,0.43652981519699097,-0.0,0.3516812324523926,19.925,2.401876449584961,0.7213877439498901,0.7582423686981201
1.2719242572784424,1.1420470476150513,2.225050449371338,0.5177592039108276,0.13959643244743347,829,502.35,-0.0392005555331707,2.1604440212249756,5088000,-0.0392005555331707,4.450860500335693,0.37197345495224,-0.0,0.11302517354488373,18.125,2.2388899326324463,0.7189737558364868,0.839023768901825
0.323217511177063,0.22756832838058472,2.4537649154663086,0.24491725862026215,0.019335022196173668,829,516.25,0.003377757268026471,0.7941362261772156,5120000,0.003377757268026471,0.8701712489128113,0.04760520160198212,-0.0,0.043920278549194336,20.725,0.829159140586853,0.784533679485321,0.9774514436721802
0.6487237215042114,0.5188884735107422,3.6348583698272705,0.3840347230434418,-0.06106759235262871,829,737.225,-0.12371094524860382,1.0604610443115234,5152000,-0.12371094524860382,1.2463210821151733,0.14127935469150543,-0.0,0.08301965892314911,23.425,1.126427173614502,0.7996324300765991,0.9536639451980591
0.7143074870109558,0.637114942073822,3.5869834423065186,0.27189090847969055,-0.014123816043138504,829,479.475,-0.04662978649139404,0.6538169980049133,5184000,-0.04662978649139404,0.7524260878562927,0.08117054402828217,-0.0,0.02266826666891575,17.7,0.6752679347991943,0.8079301714897156,0.9664296507835388
1.3870818614959717,1.18971586227417,2.4915969371795654,0.653038501739502,-0.13097965717315674,829,417.475,-0.26013705134391785,2.25842022895813,5216000,-0.26013705134391785,3.1400749683380127,0.2728886306285858,-0.0,0.40826067328453064,14.15,2.5563082695007324,0.7286925315856934,0.842967689037323
2.6548259258270264,2.3295578956604004,3.0573744773864746,1.0265250205993652,0.013967310078442097,829,556.825,-0.13712207973003387,1.5055317878723145,5248000,-0.13712207973003387,1.6131044626235962,0.31825071573257446,-0.0,0.15377914905548096,19.85,1.6003326177597046,0.8035967946052551,0.9140805602073669
0.537065327167511,0.3597349524497986,2.393693685531616,0.37925204634666443,-0.05317559093236923,829,494.825,-0.07700960338115692,0.8070482015609741,5280000,-0.07700960338115692,0.7474409937858582,0.06401875615119934,-0.0,0.0634138286113739,19.35,0.8451774716377258,0.8175363540649414,0.954767644405365
0.8857780694961548,0.7168924808502197,2.4993293285369873,0.5109579563140869,-0.04738945513963699,829,387.675,-0.14392337203025818,0.9671598076820374,5312000,-0.14392337203025818,1.095821738243103,0.20967011153697968,-0.0,0.09762170165777206,13.9,1.0451351404190063,0.8301140666007996,0.9017024636268616
1.1881191730499268,1.0338882207870483,2.492738723754883,0.5564138889312744,0.32765766978263855,830,523.025,0.2097632884979248,1.2801636457443237,5344000,0.2097632884979248,1.3691107034683228,0.2538844645023346,-0.0,0.010028408840298653,20.75,1.2898048162460327,0.9047822952270508,0.7903765439987183
0.5306805372238159,0.4625447988510132,2.3301517963409424,0.2960611581802368,0.12601499259471893,830,603.325,0.09572078287601471,0.8798987865447998,5376000,0.09572078287601471,0.9012466669082642,0.07631783932447433,-0.0,0.020301584154367447,24.075,0.890678882598877,0.7864716649055481,0.9661192893981934
0.41712409257888794,0.35851147770881653,2.3340916633605957,0.2194633185863495,-0.042749226093292236,830,513.975,-0.054926954209804535,0.753509521484375,5408000,-0.054926954209804535,1.0380985736846924,0.04141729697585106,-0.0,0.03899708017706871,17.575,0.7807289361953735,0.8530920147895813,0.9839503169059753
0.6975030899047852,0.6289893388748169,2.4649503231048584,0.3964096009731293,-0.06876429915428162,830,553.55,-0.09887230396270752,0.7326543927192688,5440000,-0.09887230396270752,0.7860291600227356,0.07701428234577179,-0.0,0.050976745784282684,24.475,0.7730351090431213,0.839913547039032,0.9776557087898254
1.082619071006775,0.8604810833930969,2.393587112426758,0.6437414884567261,0.18801939487457275,830,374.425,0.10389995574951172,1.1366649866104126,5472000,0.10389995574951172,1.1034542322158813,0.18390773236751556,-0.0,0.02069946378469467,12.5,1.1521458625793457,0.7834429740905762,0.9535584449768066
1.8499056100845337,1.0394408702850342,4.30118465423584,1.6232389211654663,0.03495511785149574,830,602.1,-0.17415590584278107,1.8990637063980103,5504000,-0.17415590584278107,1.790032148361206,0.43343234062194824,-0.0,0.2931719720363617,28.075,2.031498670578003,0.7605146169662476,0.8939923644065857
1.915764331817627,1.7125844955444336,2.6536383628845215,0.757422924041748,0.1828211098909378,830,458.175,0.02896788716316223,1.3999662399291992,5536000,0.02896788716316223,1.6379425525665283,0.3233878016471863,-0.0,0.08118360489606857,19.025,1.4553531408309937,0.7840679287910461,0.9049769639968872
1.198298454284668,0.7516117095947266,2.266509771347046,0.8860466480255127,0.047875963151454926,830,491.75,-0.0019097162876278162,1.1974310874938965,5568000,-0.0019097162876278162,1.1354185342788696,0.11547009646892548,-0.0,0.14377200603485107,15.2,1.2596240043640137,0.7949365973472595,0.9689105749130249
1.7471946477890015,1.4573479890823364,2.0545082092285156,0.9571589231491089,0.2525888979434967,830,509.2,0.11570938676595688,1.047264575958252,5600000,0.11570938676595688,0.9724071621894836,0.29063859581947327,-0.0,0.021019499748945236,19.975,1.0646787881851196,0.8439775705337524,0.9177414774894714
0.4755411744117737,0.3244885206222534,2.031712055206299,0.3454199433326721,-0.04205809906125069,830,671.825,-0.06082522124052048,0.7419266700744629,5632000,-0.06082522124052048,0.7507323026657104,0.0549171045422554,-0.0,0.04552749544382095,17.7,0.7754644155502319,0.8691431283950806,0.9772313237190247
0.3028417229652405,0.2220419943332672,2.5899646282196045,0.21609799563884735,-0.03570524603128433,830,506.3,-0.044675063341856,0.5653394460678101,5664000,-0.044675063341856,0.6361235976219177,0.03445844724774361,-0.0,0.03684116154909134,23.85,0.5933871269226074,0.825940728187561,0.9900820255279541
0.7458814978599548,0.5630069971084595,4.616709232330322,0.4843330681324005,0.09860270470380783,830,558.925,0.05969313904643059,1.3124265670776367,5696000,0.05969313904643059,1.5809321403503418,0.09444029629230499,-0.0,0.07371187955141068,18.925,1.3527281284332275,0.8310578465461731,0.9450461864471436
1.107274055480957,1.0069197416305542,2.1266703605651855,0.6209410429000854,0.25822335481643677,830,489.775,0.17449957132339478,6.764122009277344,5728000,0.17449957132339478,7.174842834472656,0.1846865713596344,-0.0,0.02536582387983799,17.7,6.784853458404541,0.8619473576545715,0.9391508102416992
0.7110555171966553,0.5617200136184692,2.220813751220703,0.4613913297653198,0.1308223307132721,830,384.25,0.08521303534507751,0.7992993593215942,5760000,0.08521303534507751,0.8150607943534851,0.10872924327850342,-0.0,0.016857676208019257,15.525,0.8098419904708862,0.875532329082489,0.9519805908203125
1.7418397665023804,1.1504371166229248,6.85237979888916,1.5401864051818848,-0.09868479520082474,830,428.75,-0.33192119002342224,3.059201717376709,5792000,-0.33192119002342224,2.187471389770508,0.48206639289855957,-0.0,0.4649588167667389,18.35,3.2224860191345215,0.7796801328659058,0.7111684679985046
0.48774170875549316,0.3949732184410095,2.9707388877868652,0.3372293710708618,-0.023253945633769035,830,523.925,-0.06492253392934799,0.770261287689209,5824000,-0.06492253392934799,1.0907810926437378,0.09884411841630936,-0.0,0.0546412467956543,21.8,0.8373529314994812,0.7753471732139587,0.9355760812759399
0.5008544921875,0.4146910309791565,2.549978494644165,0.26106321811676025,0.11474763602018356,830,487.325,0.0926029235124588,0.8769170045852661,5856000,0.0926029235124588,0.912289023399353,0.06065947934985161,-0.0,0.0077555300667881966,20.825,0.8833319544792175,0.8185026049613953,0.9836763143539429
0.7484884858131409,0.6246087551116943,2.1906208992004395,0.35320064425468445,0.10226046293973923,830,500.625,0.05361538380384445,0.9995653629302979,5888000,0.05361538380384445,1.1323719024658203,0.11359633505344391,-0.0,0.04013391584157944,21.575,1.0394880771636963,0.8153088688850403,0.9262537360191345
2.3710126876831055,2.111579418182373,2.868945598602295,0.6806496977806091,0.2190861850976944,830,502.225,-0.021343523636460304,1.2073134183883667,5920000,-0.021343523636460304,1.1874440908432007,0.4979677200317383,-0.0,0.06642057001590729,20.5,1.2486872673034668,0.8554152250289917,0.9441068768501282
1.0638253688812256,0.9429228901863098,2.4218201637268066,0.4576188623905182,0.15248078107833862,830,644.7,0.07671871036291122,1.283538818359375,5952000,0.07671871036291122,1.3955093622207642,0.16711458563804626,-0.0,0.030369574204087257,16.9,1.3023369312286377,0.7795220613479614,0.9333562850952148
0.9253344535827637,0.8491023778915405,2.5158791542053223,0.337571918964386,0.08032207190990448,830,533.9,0.031242499127984047,0.793839693069458,5984000,0.031242499127984047,0.8922351598739624,0.11395032703876495,-0.0,0.027468940243124962,16.25,0.8200117945671082,0.7895587086677551,0.9490598440170288
0.50339275598526,0.41037803888320923,2.5203444957733154,0.3126993775367737,0.09690754115581512,830,399.7,0.07748452574014664,0.6386315822601318,6016000,0.07748452574014664,0.721549391746521,0.055169690400362015,-0.0,0.003706070128828287,13.775,0.6415592432022095,0.8161827325820923,0.9872501492500305
0.6719818711280823,0.569063127040863,2.389880418777466,0.37024304270744324,-0.009641016833484173,830,584.275,-0.050832174718379974,0.9374642372131348,6048000,-0.050832174718379974,1.058434009552002,0.09809038043022156,-0.0,0.06807224452495575,23.875,0.9876099824905396,0.7854032516479492,0.9709571003913879
0.7768874168395996,0.6421406269073486,2.708573818206787,0.4312419295310974,0.11939649283885956,830,576.95,0.0709749236702919,0.8468860983848572,6080000,0.0709749236702919,1.006486177444458,0.11342475563287735,-0.0,0.006482752971351147,21.15,0.8533251881599426,0.8290809392929077,0.9379923939704895
0.2847250998020172,0.2507481575012207,2.6987171173095703,0.1617385894060135,0.013038167729973793,830,523.05,0.00573770934715867,1.2471944093704224,6112000,0.00573770934715867,1.0120245218276978,0.029723767191171646,-0.0,0.005593226756900549,21.1,1.2524341344833374,0.7561424970626831,0.9872750043869019
1.5201640129089355,1.4008132219314575,2.081057071685791,0.48717352747917175,-0.033279575407505035,830,602.775,-0.11838092654943466,0.9248068332672119,6144000,-0.11838092654943466,1.019179105758667,0.18807139992713928,-0.0,0.082196444272995,24.425,0.9834831953048706,0.8934348225593567,0.9192357063293457
0.6884853839874268,0.5920898914337158,1.9656155109405518,0.37916329503059387,0.21015456318855286,830,608.25,0.16538260877132416,1.125702977180481,6176000,0.16538260877132416,1.1078965663909912,0.10658957809209824,-0.0,0.009543015621602535,18.275,1.133629560470581,0.8522835969924927,0.9392569065093994
1.1944693326950073,1.0248160362243652,2.8344802856445312,0.6136958003044128,0.141201913356781,830,483.5,0.03257942199707031,0.9605376720428467,6208000,0.03257942199707031,1.290557861328125,0.23579302430152893,-0.0,0.039427999407052994,18.825,1.0049607753753662,0.9274023771286011,0.9160541892051697
1.4554896354675293,1.1435245275497437,4.114968776702881,1.003941297531128,0.3921040892601013,830,633.875,0.14649996161460876,60.53177261352539,6240000,0.14649996161460876,174.4609832763672,0.5064999461174011,-0.0,0.08503348380327225,21.275,60.61182403564453,0.7645846605300903,0.9108362197875977
0.6428653001785278,0.5117616057395935,2.666496992111206,0.31647801399230957,-0.06720177084207535,830,499.525,-0.09779243916273117,0.8703968524932861,6272000,-0.09779243916273117,1.0031235218048096,0.07774615287780762,-0.0,0.06413745880126953,17.725,0.9256044626235962,0.8282408714294434,0.9666116237640381
0.8623784780502319,0.7776409983634949,2.5601601600646973,0.35470589995384216,0.18412117660045624,830,477.325,0.14015647768974304,0.9846721887588501,6304000,0.14015647768974304,0.9552752375602722,0.10422714054584503,-0.0,0.0035683028399944305,16.45,0.9875804781913757,0.8148859143257141,0.9175810813903809
1.3728054761886597,1.1580711603164673,2.190708637237549,0.741466760635376,0.26265227794647217,830,448.65,0.13664205372333527,1.7289116382598877,6336000,0.13664205372333527,2.0318527221679688,0.2688891291618347,-0.0,0.05729731172323227,17.675,1.7641994953155518,0.8434364199638367,0.9427494406700134
0.4314809739589691,0.33967268466949463,2.7057456970214844,0.23720313608646393,-0.03972701355814934,830,518.375,-0.06362253427505493,0.6401757001876831,6368000,-0.06362253427505493,0.6813472509384155,0.06488730013370514,-0.0,0.031576938927173615,18.55,0.6625360250473022,0.8548129200935364,0.9785400032997131
0.8231037259101868,0.36635515093803406,2.136054277420044,0.7161402106285095,0.059524841606616974,830,511.425,-0.005459648557007313,1.1103856563568115,6400000,-0.005459648557007313,1.2271106243133545,0.14719583094120026,-0.0,0.07766951620578766,19.1,1.1641643047332764,0.8613423109054565,0.9364802837371826
0.7467383146286011,0.6430493593215942,3.153648853302002,0.3993838131427765,0.0244063138961792,829,461.9,-0.008469201624393463,0.819595992565155,6432000,-0.008469201624393463,1.0814943313598633,0.08241645246744156,-0.0,0.021069783717393875,20.35,0.8367375135421753,0.8332711458206177,0.9654626250267029
0.3927150070667267,0.31613266468048096,2.3227498531341553,0.25982919335365295,0.010237830691039562,830,535.625,-0.011162133887410164,0.9650487899780273,6464000,-0.011162133887410164,0.9373540878295898,0.05918193608522415,-0.0,0.04020078852772713,16.125,0.9971433877944946,0.8191003799438477,0.9838048815727234
1.0008978843688965,0.7905349731445312,2.7308430671691895,0.5945850610733032,0.16927087306976318,829,611.55,0.03652120754122734,1.7788399457931519,6496000,0.03652120754122734,1.8965625762939453,0.28137528896331787,-0.0,0.09072232246398926,25.9,1.8412716388702393,0.7937982678413391,0.8358876705169678
0.7569913268089294,0.6229641437530518,2.3419928550720215,0.3510900139808655,0.05361032485961914,829,456.475,0.009051257744431496,0.8266866207122803,6528000,0.009051257744431496,0.9914939999580383,0.1049143522977829,-0.0,0.04475177824497223,14.9,0.8694826364517212,0.7898107767105103,0.9704954028129578
0.30401450395584106,0.20741525292396545,2.305626630783081,0.22984403371810913,0.04008150100708008,830,685.625,0.03440222889184952,0.5158379077911377,6560000,0.03440222889184952,0.5720251798629761,0.027676645666360855,-0.0,0.008523865602910519,24.625,0.5234664678573608,0.8159049153327942,0.9850244522094727
1.21958327293396,0.9620594382286072,2.686889886856079,0.7724032402038574,0.07459560036659241,830,510.2,-0.01580277644097805,1.8606009483337402,6592000,-0.01580277644097805,1.7053238153457642,0.19826403260231018,-0.0,0.06407226622104645,20.25,1.914311408996582,0.8733638525009155,0.9188465476036072
1.5654064416885376,1.3118208646774292,3.9989113807678223,0.8856534957885742,0.26752573251724243,830,694.725,0.022869691252708435,1.9601823091506958,6624000,0.022869691252708435,2.228768825531006,0.5046444535255432,-0.0,0.13986121118068695,24.075,2.062497615814209,0.7666179537773132,0.8820496797561646
1.0276391506195068,0.7818220257759094,3.3045055866241455,0.7107704281806946,0.05364290252327919,830,548.55,-0.07866672426462173,1.245728850364685,6656000,-0.07866672426462173,1.8605937957763672,0.2804819345474243,-0.0,0.1108199954032898,18.0,1.3242292404174805,0.7931340932846069,0.911096453666687
1.0851752758026123,1.0382980108261108,2.2952959537506104,0.5010824799537659,0.030432438477873802,830,499.5,-0.04306773096323013,0.9128984808921814,6688000,-0.04306773096323013,0.9069836735725403,0.1614006608724594,-0.0,0.053082168102264404,18.7,0.9442530870437622,0.7200161218643188,0.9333277940750122
0.9600213170051575,0.7979896664619446,2.4355597496032715,0.5319847464561462,-0.018193669617176056,830,546.575,-0.0737803727388382,1.184702754020691,6720000,-0.0737803727388382,1.4452100992202759,0.12831275165081024,-0.0,0.08671924471855164,19.375,1.2451021671295166,0.8569673299789429,0.9234262704849243
2.1499035358428955,1.7410184144973755,2.412802219390869,1.0689985752105713,0.16329017281532288,830,532.2,0.0009138807654380798,1.179063320159912,6752000,0.0009138807654380798,1.2292264699935913,0.3406105041503906,-0.0,0.06803072243928909,19.125,1.218865156173706,0.7928964495658875,0.5963536500930786
0.5446735620498657,0.3953189551830292,2.306210994720459,0.37530967593193054,0.17084595561027527,830,462.825,0.12448625266551971,0.9823742508888245,6784000,0.12448625266551971,1.0063475370407104,0.10989691317081451,-0.0,0.01998855546116829,18.275,0.9955297708511353,0.8588757514953613,0.9416059255599976
1.8727240562438965,1.380892038345337,2.1767067909240723,1.0198777914047241,0.2689802646636963,830,763.45,0.08138178288936615,1.5537350177764893,6816000,0.08138178288936615,1.6479873657226562,0.39192795753479004,-0.0,0.0793362408876419,25.125,1.6101429462432861,0.8365527391433716,0.8173699378967285
1.183452844619751,0.9735344052314758,2.1886954307556152,0.746080756187439,0.04906406253576279,830,483.625,-0.1630762368440628,2.0119776725769043,6848000,-0.1630762368440628,2.1885340213775635,0.43998074531555176,-0.0,0.23862028121948242,19.65,2.1680593490600586,0.7850073575973511,0.8475940823554993
1.318638801574707,0.9043735861778259,2.236176013946533,0.9553876519203186,0.11115653812885284,830,445.825,-0.0034404112957417965,1.4430155754089355,6880000,-0.0034404112957417965,1.4409867525100708,0.24509689211845398,-0.0,0.08138734847307205,15.55,1.4995418787002563,0.7951496839523315,0.9416112899780273
0.5282169580459595,0.3289874494075775,5.490447044372559,0.4121380150318146,0.13238108158111572,830,616.65,0.07602392882108688,1.1719169616699219,6912000,0.07602392882108688,1.5748990774154663,0.1275394856929779,-0.0,0.06795383989810944,23.375,1.2120225429534912,0.7412585020065308,0.9495389461517334
0.9167529940605164,0.7276396155357361,2.216825246810913,0.5347545742988586,-0.002414996735751629,830,589.925,-0.06363175064325333,1.9931942224502563,6944000,-0.06363175064325333,3.201380968093872,0.13935059309005737,-0.0,0.3047875761985779,15.35,2.345158338546753,0.8458542823791504,0.9108543395996094
0.6440168023109436,0.4970998167991638,2.414261817932129,0.44832509756088257,-0.10223233699798584,830,576.75,-0.14843305945396423,1.2339730262756348,6976000,-0.14843305945396423,4.68677282333374,0.1077924519777298,-0.0,0.2692512571811676,20.825,1.8072913885116577,0.7695506811141968,0.9556378126144409
1.859290599822998,1.2617566585540771,2.4238762855529785,1.0963599681854248,0.06783387809991837,830,601.5,-0.11110279709100723,2.210517644882202,7008000,-0.11110279709100723,2.881342649459839,0.3733389675617218,-0.0,0.4023131728172302,23.7,2.4838263988494873,0.7732809782028198,0.9001363515853882
0.5013442039489746,0.29592427611351013,2.279094696044922,0.4128536880016327,0.010641932487487793,830,523.825,-0.016701310873031616,1.621945858001709,7040000,-0.016701310873031616,1.9709720611572266,0.07135023176670074,-0.0,0.0640145018696785,16.725,1.6671901941299438,0.8331872820854187,0.9599697589874268
0.8094739317893982,0.5775437355041504,2.466095447540283,0.5365161299705505,0.03224291652441025,830,430.9,-0.0507923848927021,1.7822444438934326,7072000,-0.0507923848927021,1.6365934610366821,0.18459081649780273,-0.0,0.1260540783405304,13.9,1.865862250328064,0.9260109066963196,0.9410391449928284
2.7675788402557373,2.421553134918213,2.8780369758605957,1.4879672527313232,0.49696585536003113,830,531.85,-0.24619178473949432,2.3503496646881104,7104000,-0.24619178473949432,2.903345823287964,1.502386450767517,-0.0,0.23612630367279053,22.775,2.5168404579162598,0.8035562634468079,0.49991923570632935
0.4754740595817566,0.33304721117019653,2.235414981842041,0.3567947447299957,0.01640983298420906,830,606.575,-0.004942886531352997,1.105857014656067,7136000,-0.004942886531352997,1.2427722215652466,0.060298722237348557,-0.0,0.033790960907936096,27.8,1.1310181617736816,0.8796640634536743,0.9787872433662415
0.3393626809120178,0.20658031105995178,3.2291781902313232,0.2929898500442505,0.01881168782711029,830,667.05,0.009451237507164478,0.6941438913345337,7168000,0.009451237507164478,0.9063137769699097,0.03530443459749222,-0.0,0.03673653304576874,23.725,0.7219159007072449,0.8291766047477722,0.9866213202476501
1.0485354661941528,0.8436716794967651,2.5931873321533203,0.5096511840820312,-0.04360341653227806,830,569.65,-0.0941929817199707,0.9079623222351074,7200000,-0.0941929817199707,1.0218727588653564,0.11790691316127777,-0.0,0.07513725757598877,17.825,0.9659091234207153,0.8363892436027527,0.9734216928482056
0.5373431444168091,0.46597471833229065,2.2803096771240234,0.26192283630371094,-0.025996407493948936,830,347.175,-0.057070065289735794,0.6826026439666748,7232000,-0.057070065289735794,0.7096051573753357,0.07823946326971054,-0.0,0.026112163439393044,14.0,0.7010650634765625,0.8046073913574219,0.9827932119369507
0.6898107528686523,0.2638000249862671,2.250229835510254,0.624640166759491,0.0344666913151741,830,776.575,0.015114793553948402,0.639545202255249,7264000,0.015114793553948402,0.59434574842453,0.05625433847308159,-0.0,0.015573260374367237,32.7,0.6511692404747009,0.877527117729187,0.9677858948707581
1.6505777835845947,1.5205494165420532,2.133222818374634,0.6242095232009888,-0.07869439572095871,830,675.65,-0.1438252478837967,1.0102317333221436,7296000,-0.1438252478837967,1.1226465702056885,0.14694896340370178,-0.0,0.10263513028621674,21.05,1.0879197120666504,0.8343631029129028,0.9752756953239441
1.0616902112960815,0.9167685508728027,2.186913251876831,0.4973571002483368,0.1722705066204071,830,521.05,0.08555152267217636,1.3153274059295654,7328000,0.08555152267217636,1.4109077453613281,0.19069021940231323,-0.0,0.0552399680018425,19.475,1.3588911294937134,0.8626132011413574,0.9052068591117859
0.4794326722621918,0.4029477834701538,2.221740245819092,0.23631757497787476,-0.08250738680362701,830,653.25,-0.10323560237884521,0.8635979890823364,7360000,-0.10323560237884521,0.7626373767852783,0.0573226697742939,-0.0,0.05288897082209587,23.925,0.8969079256057739,0.7933114767074585,0.9791889786720276
0.2922036051750183,0.20284385979175568,2.2483909130096436,0.22101545333862305,0.025491513311862946,830,558.225,0.017841143533587456,0.54485684633255,7392000,0.017841143533587456,0.5512822866439819,0.03232495114207268,-0.0,0.01680714264512062,20.175,0.5578696727752686,0.8512104749679565,0.9564774036407471
1.1684770584106445,1.0542112588882446,1.9143211841583252,0.5434806942939758,0.1983216404914856,830,579.425,0.12315051257610321,1.3272013664245605,7424000,0.12315051257610321,1.2883304357528687,0.16753697395324707,-0.0,0.028979381546378136,22.625,1.3455979824066162,0.8597360849380493,0.9446009397506714
0.4936741590499878,0.3652912974357605,2.531522512435913,0.3165721297264099,0.030349459499120712,830,487.325,0.01276393048465252,0.7298070788383484,7456000,0.01276393048465252,0.7651525735855103,0.052309077233076096,-0.0,0.03677079454064369,20.8,0.7570570707321167,0.8569010496139526,0.9713970422744751
0.4648765027523041,0.33666563034057617,2.1973683834075928,0.3185437023639679,-0.06443741172552109,830,544.075,-0.08244173973798752,1.1736773252487183,7488000,-0.08244173973798752,0.9725963473320007,0.05137686803936958,-0.0,0.07869098335504532,23.05,1.225867509841919,0.7684106826782227,0.9860966205596924
3.1024248600006104,2.802988052368164,2.767036199569702,1.360408067703247,0.11723218113183975,830,590.85,-0.1724904328584671,1.172972321510315,7520000,-0.1724904328584671,1.4468400478363037,0.5958185195922852,-0.0,0.15941862761974335,19.275,1.3074871301651,0.8186646699905396,0.8920528292655945
1.2226496934890747,0.7776402235031128,3.484553098678589,0.8911569714546204,0.1609877496957779,830,571.475,0.054988663643598557,2.0392470359802246,7552000,0.054988663643598557,1.2408299446105957,0.22641399502754211,-0.0,0.15462009608745575,24.225,2.0707809925079346,0.7207914590835571,0.9510852694511414
0.6780909299850464,0.5761723518371582,2.1632635593414307,0.36883145570755005,0.05478835850954056,830,514.975,0.018393907696008682,0.9307150840759277,7584000,0.018393907696008682,0.941470742225647,0.0874045193195343,-0.0,0.0379033125936985,19.65,0.9587030410766602,0.7307809591293335,0.9710697531700134
0.796599268913269,0.7016531229019165,3.017320156097412,0.2854459583759308,0.030362939462065697,830,897.0,-0.03272394835948944,0.5401570200920105,7616000,-0.03272394835948944,0.6368993520736694,0.14013789594173431,-0.0,0.03815552592277527,20.5,0.570094883441925,0.6982060074806213,0.929854154586792
0.7081794738769531,0.5685054063796997,2.399238109588623,0.44898122549057007,0.018327616155147552,830,802.35,-0.04183105379343033,1.1625950336456299,7648000,-0.04183105379343033,0.9746856689453125,0.13752177357673645,-0.0,0.10590295493602753,28.15,1.2018496990203857,0.8602216839790344,0.9067351818084717
0.8534417152404785,0.695674479007721,2.865795850753784,0.493009090423584,0.02781541272997856,830,665.85,-0.04331358149647713,1.4851133823394775,7680000,-0.04331358149647713,2.0089333057403564,0.15848521888256073,-0.0,0.11572476476430893,21.125,1.6176210641860962,0.8113614320755005,0.9570538997650146
0.8677682876586914,0.7771252393722534,2.635270595550537,0.39340630173683167,0.05037708207964897,830,478.85,-0.00644781906157732,0.8885470032691956,7712000,-0.00644781906157732,0.8966792821884155,0.12923187017440796,-0.0,0.052411239594221115,16.65,0.9207302331924438,0.7791036367416382,0.97324138879776
0.586289644241333,0.4365917444229126,2.0990490913391113,0.38582178950309753,0.03497353196144104,830,553.85,-0.007823815569281578,1.2169334888458252,7744000,-0.007823815569281578,1.4920064210891724,0.10090327262878418,-0.0,0.037202849984169006,19.35,1.2539526224136353,0.7654286623001099,0.9602651000022888
0.7815998196601868,0.5160219073295593,2.3852829933166504,0.5531749725341797,0.05937783792614937,830,670.5,0.016564926132559776,0.8495512008666992,7776000,0.016564926132559776,0.8813000917434692,0.10284546762704849,-0.0,0.037177763879299164,26.525,0.8700214624404907,0.8609820604324341,0.9542915225028992
0.8755343556404114,0.7504593133926392,3.1225426197052,0.4463214576244354,-0.013910938054323196,830,703.25,-0.052345383912324905,0.6996650099754333,7808000,-0.052345383912324905,0.903669536113739,0.09190615266561508,-0.0,0.0416129045188427,23.875,0.7403891086578369,0.7518631219863892,0.9698635339736938
0.5513833165168762,0.4528487026691437,2.1898064613342285,0.28593653440475464,-0.03769626095890999,829,619.075,-0.056734584271907806,0.7017530202865601,7840000,-0.056734584271907806,0.7624939680099487,0.05360625311732292,-0.0,0.05486471205949783,23.75,0.7337890863418579,0.7764802575111389,0.9851284027099609
0.4889841675758362,0.4307039678096771,1.9625476598739624,0.2786213457584381,-0.07854123413562775,829,538.675,-0.09606258571147919,0.5782434940338135,7872000,-0.09606258571147919,0.5930781364440918,0.053326260298490524,-0.0,0.04245375841856003,18.9,0.6079675555229187,0.9141780734062195,0.9724485278129578
0.7645304203033447,0.6003639101982117,4.241023063659668,0.49323591589927673,0.018428340554237366,829,533.5,-0.05360834673047066,0.8158836364746094,7904000,-0.05360834673047066,1.004859209060669,0.15840302407741547,-0.0,0.05580423027276993,18.8,0.8688289523124695,0.7164825201034546,0.9342451095581055
0.733194887638092,0.5433372259140015,2.1919524669647217,0.5047175288200378,0.10407029092311859,829,620.8,0.03933469206094742,1.0960259437561035,7936000,0.03933469206094742,1.1077206134796143,0.14666929841041565,-0.0,0.04795467108488083,21.05,1.13201904296875,0.8599048852920532,0.9555518627166748
0.39375683665275574,0.30000993609428406,2.238955020904541,0.24919581413269043,-0.04664500430226326,829,697.5,-0.05978678911924362,0.7463182210922241,7968000,-0.05978678911924362,0.7321465611457825,0.04309871047735214,-0.0,0.0409994050860405,24.925,0.7733184695243835,0.8407570719718933,0.987050473690033
1.5226867198944092,0.7686737179756165,2.0230348110198975,1.0673298835754395,-0.0778263658285141,829,448.075,-0.14175528287887573,0.9442174434661865,8000000,-0.14175528287887573,0.7283817529678345,0.14421109855175018,-0.0,0.1542528122663498,14.975,0.9986717104911804,0.8176634907722473,0.9441204071044922
0.6351474523544312,0.49502870440483093,2.3706278800964355,0.405895859003067,-0.025967318564653397,829,560.375,-0.06177178770303726,0.8946123123168945,8032000,-0.06177178770303726,1.0696702003479004,0.08865366876125336,-0.0,0.09012269228696823,20.425,0.9676859974861145,0.8522365689277649,0.9656989574432373
1.9935493469238281,1.6917333602905273,2.353178024291992,0.9564507007598877,0.2909514605998993,829,670.825,0.15287643671035767,1.3353825807571411,8064000,0.15287643671035767,1.465993046760559,0.2942437529563904,-0.0,0.021468032151460648,26.575,1.3552948236465454,0.9046857953071594,0.9533559083938599
0.4891549050807953,0.3457094132900238,2.4405436515808105,0.3363877534866333,0.006181585602462292,829,633.05,-0.01722877472639084,0.7531626224517822,8096000,-0.01722877472639084,0.8921804428100586,0.06313976645469666,-0.0,0.041816554963588715,22.95,0.7937167286872864,0.8159523010253906,0.9720549583435059
0.8682020902633667,0.7851288914680481,2.68660044670105,0.4641972780227661,-0.08832059055566788,829,787.275,-0.12920430302619934,0.9084897637367249,8128000,-0.12920430302619934,1.1502434015274048,0.09699585288763046,-0.0,0.08307245373725891,20.1,0.9855063557624817,0.7614217400550842,0.9616940021514893
1.278537631034851,1.1617950201034546,1.9999563694000244,0.5715742111206055,0.232327401638031,829,449.2,0.11869785934686661,1.1645740270614624,8160000,0.11869785934686661,1.3188997507095337,0.2444905936717987,-0.0,0.025074949488043785,20.15,1.1817535161972046,0.861575722694397,0.9511207938194275
0.7333086133003235,0.48830991983413696,2.463836669921875,0.4305572807788849,0.003771747462451458,829,496.5,-0.017099512740969658,0.9056994915008545,8192000,-0.017099512740969658,0.8529292941093445,0.059584759175777435,-0.0,0.06111293286085129,18.35,0.9432377815246582,0.8921119570732117,0.9558843374252319
2.8320119380950928,2.147336006164551,4.204981803894043,1.714766263961792,0.4991813600063324,829,695.575,0.10309811681509018,3.4003920555114746,8224000,0.10309811681509018,5.144303321838379,0.8070141077041626,-0.0,0.31701740622520447,29.4,3.5883629322052,0.7423802614212036,0.8722894191741943
0.5312743782997131,0.3488529622554779,2.5502052307128906,0.4177613854408264,-0.04117016866803169,829,537.825,-0.0617096833884716,0.7410072684288025,8256000,-0.0617096833884716,0.7733566761016846,0.057131387293338776,-0.0,0.03862889111042023,15.2,0.7680093050003052,0.8026180267333984,0.9764516949653625
0.6032648086547852,0.4752711355686188,2.2087152004241943,0.39011600613594055,0.04712066054344177,829,659.075,-0.020047694444656372,1.1628031730651855,8288000,-0.020047694444656372,1.251070499420166,0.15042409300804138,-0.0,0.0656726211309433,23.85,1.2070536613464355,0.8043692708015442,0.9371135234832764
0.4297201931476593,0.3497984707355499,2.908097505569458,0.29962506890296936,0.03760962188243866,828,1009.15,0.021000266075134277,0.6367122530937195,8320000,0.021000266075134277,0.759834349155426,0.04852687194943428,-0.0,0.019091535359621048,21.975,0.6542621850967407,0.7654078602790833,0.9773259162902832
0.663945734500885,0.5096995830535889,2.326390027999878,0.39402371644973755,-0.047428470104932785,828,815.5,-0.07422412931919098,0.6600222587585449,8352000,-0.07422412931919098,0.7584173679351807,0.07007630914449692,-0.0,0.055606164038181305,25.275,0.7074392437934875,0.8242496252059937,0.9498857259750366
1.5078738927841187,1.142626404762268,2.8177974224090576,1.1241469383239746,0.31945353746414185,828,582.425,0.14672787487506866,2.030734062194824,8384000,0.14672787487506866,2.8559067249298096,0.3604513704776764,-0.0,0.22389264404773712,24.175,2.2423648834228516,0.7500027418136597,0.9067562818527222
1.9824649095535278,1.7188149690628052,64.17768859863281,0.9756632447242737,0.14937667548656464,828,471.475,-0.2933003902435303,2.827181816101074,8416000,-0.2933003902435303,9.668191909790039,0.901317298412323,-0.0,0.5758267641067505,13.875,3.053194522857666,0.7981584668159485,0.5429140329360962
0.4999520778656006,0.3253247141838074,2.2191267013549805,0.3802371621131897,0.03590688481926918,828,732.7,0.008016794919967651,0.7639651298522949,8448000,0.008016794919967651,0.8381615877151489,0.07309970259666443,-0.0,0.040526729077100754,27.75,0.794622540473938,0.8659760355949402,0.9643169641494751
1.0671497583389282,1.004485845565796,2.578665256500244,0.43552541732788086,0.1505853682756424,828,430.55,0.09816306829452515,0.8637367486953735,8480000,0.09816306829452515,1.1088865995407104,0.11999841034412384,-0.0,0.026560908183455467,16.35,0.8871704339981079,0.7576895952224731,0.9635890126228333
0.8365521430969238,0.5792149901390076,2.005962610244751,0.5374995470046997,0.018170449882745743,828,503.0,-0.036859139800071716,0.7431584000587463,8512000,-0.036859139800071716,0.8082935214042664,0.12760233879089355,-0.0,0.05739950016140938,21.075,0.7854601144790649,0.8771578669548035,0.8981335163116455
0.8736206889152527,0.6854093670845032,6.111552715301514,0.4688183665275574,0.10356117784976959,828,575.375,0.05120724439620972,0.9685337543487549,8544000,0.05120724439620972,1.7058818340301514,0.12156170606613159,-0.0,0.03592143580317497,23.525,1.0187199115753174,0.8426920771598816,0.9436988830566406
0.6635739207267761,0.46060046553611755,2.4324657917022705,0.45286688208580017,0.1310698240995407,828,534.625,0.08677621930837631,1.045933485031128,8576000,0.08677621930837631,0.9541956186294556,0.10660688579082489,-0.0,0.02215314283967018,23.025,1.0647189617156982,0.9009832143783569,0.9412837624549866
0.8174099326133728,0.5012180209159851,1.9642444849014282,0.634787917137146,-0.0003460729494690895,828,582.575,-0.05990110710263252,1.4476560354232788,8608000,-0.05990110710263252,1.6125900745391846,0.13635636866092682,-0.0,0.1542498916387558,17.525,1.5503300428390503,0.8623149991035461,0.9503849148750305
0.3401679992675781,0.23906444013118744,2.3642358779907227,0.2328428477048874,-0.04328416287899017,828,575.325,-0.05079331248998642,0.5586689710617065,8640000,-0.05079331248998642,0.5727183222770691,0.03224693238735199,-0.0,0.024635080248117447,20.975,0.5793148279190063,0.8614317774772644,0.9742988348007202
0.6741922497749329,0.3747900724411011,2.097252368927002,0.5344634056091309,-0.0031443811021745205,828,703.225,-0.03287145867943764,0.7765123844146729,8672000,-0.03287145867943764,0.6829632520675659,0.07482647895812988,-0.0,0.051449619233608246,27.025,0.8065978288650513,0.7686161994934082,0.9737377166748047
0.24947930872440338,0.1572066843509674,1.9901844263076782,0.1788899302482605,0.009251661598682404,828,609.2,0.007232332136482,0.49013659358024597,8704000,0.007232332136482,0.4688805639743805,0.02068426087498665,-0.0,0.010602147318422794,19.5,0.49679508805274963,0.832280158996582,0.9926454424858093
0.6995224356651306,0.5377741456031799,2.9591238498687744,0.47216111421585083,0.16894127428531647,828,767.875,0.11939245462417603,1.1524083614349365,8736000,0.11939245462417603,1.6531445980072021,0.11385820806026459,-0.0,0.06758932769298553,18.35,1.1894176006317139,0.7380297780036926,0.9639601707458496
0.38295459747314453,0.2657625377178192,2.047908306121826,0.260951966047287,0.012919033877551556,828,718.8,0.0006944991764612496,0.6818552017211914,8768000,0.0006944991764612496,0.6703078746795654,0.04128136858344078,-0.0,0.0334697961807251,24.8,0.7024809122085571,0.8416149020195007,0.9838210940361023
0.8187010884284973,0.6926484704017639,2.205447196960449,0.4526415169239044,-0.04306759312748909,828,779.225,-0.08191800862550735,1.2609257698059082,8800000,-0.08191800862550735,1.6519482135772705,0.09436298906803131,-0.0,0.14744976162910461,24.15,1.380327820777893,0.8331078290939331,0.9876020550727844
0.7828361988067627,0.5622872114181519,2.37270188331604,0.5331317186355591,-0.013348990119993687,828,569.55,-0.07616139948368073,0.9993232488632202,8832000,-0.07616139948368073,1.1302103996276855,0.14067451655864716,-0.0,0.08622349798679352,19.8,1.0699851512908936,0.752484917640686,0.9400227665901184
0.9830813407897949,0.8879662156105042,7.001402378082275,0.4096790850162506,-0.07858238369226456,828,567.975,-0.12502343952655792,1.0399478673934937,8864000,-0.12502343952655792,1.7744724750518799,0.10894526541233063,-0.0,0.09247316420078278,22.55,1.1165152788162231,0.8031579852104187,0.956063985824585
0.9376236200332642,0.5464126467704773,5.085057258605957,0.5975029468536377,0.09933429211378098,828,538.1,0.05942041799426079,0.8854962587356567,8896000,0.05942041799426079,1.4936916828155518,0.09623339772224426,-0.0,0.01679687574505806,18.8,0.901755154132843,0.820283055305481,0.9712958335876465
0.7241430878639221,0.539520263671875,2.0747787952423096,0.49180522561073303,0.03378286957740784,828,676.65,0.0020336941815912724,0.7939754724502563,8928000,0.0020336941815912724,0.7436460256576538,0.07963450998067856,-0.0,0.02909245528280735,25.55,0.8137686848640442,0.8068079948425293,0.9661415815353394
0.8696353435516357,0.7566711902618408,2.6814417839050293,0.44231298565864563,-0.05806779861450195,828,633.55,-0.11649004369974136,0.9630006551742554,8960000,-0.11649004369974136,0.9628856778144836,0.1319146752357483,-0.0,0.09352092444896698,25.65,1.0300405025482178,0.7535093426704407,0.9625740051269531
2.171783447265625,1.8920598030090332,2.8047757148742676,1.181340217590332,0.5777677893638611,828,494.05,0.28879228234291077,2.115623950958252,8992000,0.28879228234291077,2.285917043685913,0.593726634979248,-0.0,0.00865668710321188,16.225,2.1211581230163574,0.7887793779373169,0.909548819065094
0.5590145587921143,0.4275663495063782,2.325392723083496,0.3907056450843811,0.104484923183918,828,392.3,0.06374633312225342,0.7673109769821167,9024000,0.06374633312225342,0.8885447382926941,0.09705809503793716,-0.0,0.026797328144311905,13.55,0.7920217514038086,0.7790452241897583,0.9694137573242188
0.3166106045246124,0.24396958947181702,2.497783660888672,0.19472171366214752,-0.002907315269112587,828,522.5,-0.011498752050101757,0.6746727228164673,9056000,-0.011498752050101757,0.7434757351875305,0.03398073837161064,-0.0,0.0357399508357048,20.0,0.6992014646530151,0.8398932218551636,0.9820972084999084
0.9408339858055115,0.7401626110076904,2.1856751441955566,0.5997576713562012,0.10450930893421173,828,705.55,0.02072235383093357,1.2214248180389404,9088000,0.02072235383093357,1.2562134265899658,0.18413004279136658,-0.0,0.05147150903940201,25.45,1.2726284265518188,0.827806293964386,0.9449833631515503
0.5645660161972046,0.43830010294914246,5.416153430938721,0.38576701283454895,0.029349366202950478,828,750.425,-0.0026494450867176056,0.668230414390564,9120000,-0.0026494450867176056,0.9353742599487305,0.07914035022258759,-0.0,0.013773038983345032,24.325,0.6803543567657471,0.757136344909668,0.9747005105018616
0.6663281917572021,0.4960131049156189,3.7467567920684814,0.4324800372123718,0.060659363865852356,828,595.8,0.026422029361128807,0.8540068864822388,9152000,0.026422029361128807,1.120497226715088,0.08238034695386887,-0.0,0.03112117387354374,20.725,0.8779873847961426,0.6952837705612183,0.9491455554962158
0.38616514205932617,0.2911304235458374,2.229721784591675,0.26579752564430237,-0.01434352993965149,828,645.175,-0.02375786378979683,0.5245764255523682,9184000,-0.02375786378979683,0.5447548031806946,0.03506285697221756,-0.0,0.019492199644446373,29.55,0.5404444932937622,0.8117095232009888,0.9871864318847656
1.301816463470459,0.9590907096862793,2.4874660968780518,0.6564316749572754,0.1523251235485077,828,784.325,0.0659579262137413,1.664945125579834,9216000,0.0659579262137413,1.6281883716583252,0.18927592039108276,-0.0,0.16640475392341614,25.25,1.7312453985214233,0.82707679271698,0.9052999019622803
0.9668523073196411,0.7428578734397888,2.608234167098999,0.6008665561676025,0.041757602244615555,828,506.75,-0.020638680085539818,0.8265436291694641,9248000,-0.020638680085539818,0.9723738431930542,0.13990215957164764,-0.0,0.0670289546251297,19.875,0.8724420666694641,0.7554796934127808,0.9733385443687439
0.7877600789070129,0.44397279620170593,2.1625468730926514,0.6668402552604675,-0.050737082958221436,828,662.025,-0.11916879564523697,0.8988226652145386,9280000,-0.11916879564523697,0.891490638256073,0.15465417504310608,-0.0,0.09291780740022659,21.2,0.9600618481636047,0.8895376324653625,0.8937371373176575
0.4330805540084839,0.29478877782821655,2.4634084701538086,0.3096093237400055,-0.03859889879822731,828,809.175,-0.05256875604391098,0.6907070875167847,9312000,-0.05256875604391098,0.9069743156433105,0.045038431882858276,-0.0,0.0684288740158081,26.95,0.7576972842216492,0.8549359440803528,0.9775774478912354
2.0849897861480713,1.8343011140823364,2.2652595043182373,1.1562001705169678,0.5864548683166504,828,633.425,0.15571556985378265,1.3767495155334473,9344000,0.15571556985378265,1.4556663036346436,0.8776742815971375,-0.0,0.04084194079041481,24.625,1.4135115146636963,0.8097798228263855,0.8549523949623108
1.223128318786621,0.9661586880683899,2.5994415283203125,0.6805201768875122,0.1856696903705597,828,451.8,0.1048269271850586,0.8522109985351562,9376000,0.1048269271850586,0.8647586703300476,0.17762857675552368,-0.0,0.009758715517818928,14.9,0.8598502278327942,0.7971531748771667,0.9197878837585449
0.6540901064872742,0.516180157661438,2.9238719940185547,0.4184644818305969,0.04823574423789978,828,429.85,0.01638438180088997,0.8939069509506226,9408000,0.01638438180088997,0.9881893992424011,0.0800822526216507,-0.0,0.029784148558974266,12.875,0.9174439311027527,0.8189764022827148,0.9835046529769897
1.082356333732605,0.997011661529541,2.853850841522217,0.52045738697052,-0.06152862310409546,828,663.375,-0.1069910079240799,0.9053353071212769,9440000,-0.1069910079240799,1.1660847663879395,0.10852072387933731,-0.0,0.08691511303186417,29.875,0.9797890782356262,0.8797978162765503,0.9525924324989319
2.308269500732422,1.8083678483963013,1.8850889205932617,1.526321530342102,-0.0337422713637352,829,494.6,-0.2769591212272644,1.9019074440002441,9472000,-0.2769591212272644,1.7701599597930908,0.5004608631134033,-0.0,0.3040226995944977,15.775,2.084996223449707,0.7013582587242126,0.8281406164169312
0.5883183479309082,0.4780937135219574,2.128570795059204,0.3778751492500305,0.11221630126237869,829,388.675,0.07481008768081665,1.2676078081130981,9504000,0.07481008768081665,1.4726076126098633,0.09190235286951065,-0.0,0.05659555271267891,12.275,1.3143665790557861,0.8544958233833313,0.9640559554100037
0.3101525604724884,0.19659090042114258,2.1826682090759277,0.24115346372127533,0.0022489577531814575,829,575.25,-0.0067550791427493095,0.6945993900299072,9536000,-0.0067550791427493095,0.8281116485595703,0.03694237396121025,-0.0,0.02962448261678219,23.5,0.7190045118331909,0.9467150568962097,0.9725750088691711
0.7520656585693359,0.4748917520046234,2.9152064323425293,0.5659723877906799,0.1264360100030899,829,751.625,0.06132640317082405,0.8670527935028076,9568000,0.06132640317082405,0.9816992878913879,0.1461106240749359,-0.0,0.029601898044347763,31.125,0.8971784710884094,0.7945696711540222,0.9662173390388489
0.9879046082496643,0.6939375996589661,2.895799160003662,0.7627061605453491,0.12196321785449982,829,401.725,0.05052640289068222,1.2878178358078003,9600000,0.05052640289068222,1.244214415550232,0.15818308293819427,-0.0,0.06328688561916351,10.7,1.3159323930740356,0.765472412109375,0.9603731632232666
0.4218229651451111,0.2909446358680725,2.566567897796631,0.26223039627075195,0.01926686242222786,829,679.65,0.006694789044559002,0.7720300555229187,9632000,0.006694789044559002,0.8819810748100281,0.04177125543355942,-0.0,0.028598438948392868,22.5,0.7949230074882507,0.8313554525375366,0.9889244437217712
0.580662727355957,0.4978032410144806,3.008601427078247,0.3096567988395691,-0.03143724799156189,829,552.125,-0.04983669891953468,0.6476538181304932,9664000,-0.04983669891953468,0.6557172536849976,0.052596889436244965,-0.0,0.02693185769021511,20.9,0.6670295596122742,0.7898995280265808,0.9864073991775513
2.2055304050445557,1.8203216791152954,4.856123924255371,1.0928095579147339,-0.01788441464304924,829,713.825,-0.2135361135005951,1.0650043487548828,9696000,-0.2135361135005951,1.2519110441207886,0.40769949555397034,-0.0,0.0820283442735672,31.25,1.125481367111206,0.819804847240448,0.8734450340270996
0.9685149192810059,0.6397057175636292,5.094655513763428,0.7201575040817261,0.036814190447330475,829,413.6,-0.020250653848052025,1.3962846994400024,9728000,-0.020250653848052025,1.8127868175506592,0.13039204478263855,-0.0,0.16018185019493103,11.2,1.5023854970932007,0.8131178617477417,0.9613403677940369
0.9848685264587402,0.8389120697975159,2.4087936878204346,0.4802148938179016,0.01159906480461359,829,588.35,-0.036249395459890366,0.8768030405044556,9760000,-0.036249395459890366,0.9869924783706665,0.11173491179943085,-0.0,0.055270396173000336,17.575,0.9135716557502747,0.8018995523452759,0.9564852118492126
0.8567456603050232,0.5121252536773682,2.3427417278289795,0.7019922733306885,-0.003921772353351116,829,620.275,-0.04649297520518303,0.6979224681854248,9792000,-0.04649297520518303,0.6672620177268982,0.10267205536365509,-0.0,0.0280483216047287,27.6,0.7231429219245911,0.8764824867248535,0.956631600856781
3.169081687927246,2.5081827640533447,2.576444149017334,1.9569921493530273,0.0750119686126709,829,654.225,-0.37663090229034424,1.7677403688430786,9824000,-0.37663090229034424,1.7855684757232666,0.9209089279174805,-0.0,0.268609881401062,24.025,1.9320850372314453,0.8811590075492859,0.701525092124939
0.5319365859031677,0.3369271755218506,1.9578176736831665,0.4199366271495819,-0.06660448759794235,829,623.1,-0.09275030344724655,1.324584722518921,9856000,-0.09275030344724655,1.083858609199524,0.06976835429668427,-0.0,0.1522754579782486,19.675,1.3955955505371094,0.8738358616828918,0.9793446660041809
0.4671991467475891,0.23031489551067352,2.181751012802124,0.4165877401828766,-0.020892202854156494,829,752.0,-0.032508544623851776,0.7426795959472656,9888000,-0.032508544623851776,0.8104137182235718,0.040655672550201416,-0.0,0.08152027428150177,27.9,0.7950451970100403,0.8711494207382202,0.9868945479393005
0.6603025197982788,0.543374240398407,2.223506450653076,0.3824238181114197,0.15793900191783905,829,725.675,0.1261097490787506,1.0834065675735474,9920000,0.1261097490787506,1.1049995422363281,0.080363430082798,-0.0,0.014871837571263313,23.6,1.093737006187439,0.8352456092834473,0.9687528014183044
0.44574445486068726,0.1744331568479538,2.6489052772521973,0.4138292670249939,-0.017738644033670425,829,859.625,-0.03328970819711685,0.7189382314682007,9952000,-0.03328970819711685,0.8403559923171997,0.048131734132766724,-0.0,0.02217874675989151,29.175,0.7385550141334534,0.8514801859855652,0.9784820079803467
0.638250470161438,0.5266662836074829,2.1149888038635254,0.36460429430007935,-0.06647343933582306,829,748.625,-0.08164854347705841,0.6326624155044556,9984000,-0.08164854347705841,0.6574788689613342,0.048486728221178055,-0.0,0.0439923070371151,22.725,0.6665753722190857,0.9068261384963989,0.9860134124755859
0.35107421875,0.21914415061473846,3.5803062915802,0.25971049070358276,1.379847526550293e-05,829,726.95,-0.005279318895190954,0.6835312843322754,10016000,-0.005279318895190954,0.8084222078323364,0.0288795568048954,-0.0,0.0268168356269598,27.225,0.7053881287574768,0.9146660566329956,0.9885505437850952
1.2030495405197144,1.1177878379821777,2.216052532196045,0.5270045399665833,0.20280921459197998,829,765.225,0.10743610560894012,1.311774492263794,10048000,0.10743610560894012,1.4411447048187256,0.20862837135791779,-0.0,0.06328670680522919,27.925,1.3544490337371826,0.8941082954406738,0.9412646293640137
0.48871180415153503,0.4136865437030792,3.7154300212860107,0.2616729140281677,-0.08071361482143402,829,635.175,-0.08905553817749023,0.5032030344009399,10080000,-0.08905553817749023,0.683430552482605,0.03448835015296936,-0.0,0.019922634586691856,21.15,0.520823061466217,0.8902251124382019,0.9881100654602051
0.9843354225158691,0.7787285447120667,2.5387139320373535,0.6325899362564087,0.07355943322181702,829,651.25,0.028476234525442123,1.0082650184631348,10112000,0.028476234525442123,1.638667106628418,0.10772375017404556,-0.0,0.040217358618974686,24.35,1.0330671072006226,0.8778679966926575,0.9657617211341858
0.966694176197052,0.6111139059066772,2.576585292816162,0.693098247051239,-0.10570848733186722,829,600.775,-0.1440895050764084,0.9173092246055603,10144000,-0.1440895050764084,1.0917757749557495,0.09509176015853882,-0.0,0.09041325747966766,22.075,0.9864957928657532,0.9164864420890808,0.9716389775276184
0.6660861372947693,0.479253351688385,2.1946256160736084,0.471148282289505,0.11560572683811188,829,646.125,0.07875525951385498,0.920527458190918,10176000,0.07875525951385498,1.042545199394226,0.09175638109445572,-0.0,0.03448084369301796,22.5,0.941773533821106,0.9027719497680664,0.9748350977897644
