time_elapsed,approxkl,fps,nupdates,clipfrac,total_timesteps,explained_variance,serial_timesteps,eplenmean,eprewmean,policy_entropy,value_loss,policy_loss
1.4226367473602295,0.0049862396,1439,1,0.05546875,2048,-0.4587569236755371,2048,50.0,-110.87213535000001,2.8134947,0.29768315,-0.008646219
2.7344563007354736,0.007305107,1561,2,0.06918945,4096,-0.34529757499694824,4096,50.0,-108.65824051851853,2.7362733,0.21646507,-0.014294831
4.037197589874268,0.0059096916,1572,3,0.05698242,6144,-0.24337899684906006,6144,50.0,-104.63177243,2.638814,0.24327815,-0.010780672
5.391438245773315,0.0068624876,1512,4,0.0652832,8192,0.22392410039901733,8192,50.0,-98.30077756000003,2.5438108,0.16308129,-0.014140991
6.854892730712891,0.0064441995,1399,5,0.07651367,10240,0.10888940095901489,10240,50.0,-90.23826872,2.4648438,0.10926481,-0.010656176
8.300846576690674,0.005142003,1416,6,0.053515624,12288,0.2125733494758606,12288,50.0,-83.78792795999998,2.4006085,0.07510057,-0.009347587
9.63483476638794,0.007509307,1535,7,0.08598633,14336,0.35714489221572876,14336,50.0,-78.90812869,2.3277407,0.06839032,-0.012632459
10.998326301574707,0.0056478535,1502,8,0.056884766,16384,0.46881425380706787,16384,50.0,-74.58051915,2.2577872,0.050879113,-0.009944216
12.38492465019226,0.0061282236,1477,9,0.061767578,18432,0.4413037896156311,18432,50.0,-69.62360502,2.194988,0.049027067,-0.009825387
13.77324652671814,0.005876823,1475,10,0.07104492,20480,0.4194168448448181,20480,50.0,-66.87005915,2.143661,0.04482039,-0.009261834
15.138382196426392,0.00537349,1500,11,0.057128906,22528,0.4795558452606201,22528,50.0,-65.04397531000001,2.1073117,0.03461791,-0.009610674
16.48785638809204,0.0048737912,1517,12,0.051757812,24576,0.4767109751701355,24576,50.0,-62.95604649,2.056737,0.033318296,-0.007921647
17.797629833221436,0.006405437,1564,13,0.07392578,26624,0.5574848055839539,26624,50.0,-60.48445451,1.997679,0.02482754,-0.010568371
19.108582735061646,0.0052605974,1562,14,0.049072266,28672,0.5146068632602692,28672,50.0,-58.331126890000014,1.9312302,0.025040787,-0.009870933
20.45778203010559,0.0055272602,1518,15,0.05419922,30720,0.4798661470413208,30720,50.0,-54.834785440000005,1.8562937,0.018431243,-0.009573279
21.789130210876465,0.006113975,1538,16,0.06035156,32768,0.4580313563346863,32768,50.0,-51.02653266,1.7849973,0.017762441,-0.010515897
23.277851819992065,0.0057316152,1375,17,0.06113281,34816,0.6208527982234955,34816,50.0,-48.977309459999994,1.7174515,0.012690407,-0.009521948
24.713348865509033,0.0060634757,1427,18,0.072460935,36864,0.6076432168483734,36864,50.0,-46.937639790000006,1.6648388,0.010609443,-0.010512002
26.043625593185425,0.007667872,1539,19,0.08984375,38912,0.62270787358284,38912,50.0,-44.64033228,1.6004856,0.00949749,-0.01400484
27.372068881988525,0.006658441,1542,20,0.076220706,40960,0.6495263278484344,40960,50.0,-42.09352765,1.5405377,0.0063662394,-0.010454697
28.755207061767578,0.007276269,1481,21,0.0831543,43008,0.6525344550609589,43008,50.0,-40.864433250000005,1.4861708,0.005845147,-0.01318071
30.168232917785645,0.00485865,1449,22,0.05078125,45056,0.6456238031387329,45056,50.0,-40.46302012,1.4323138,0.0056706653,-0.0079639945
31.68414044380188,0.007479003,1351,23,0.082177736,47104,0.5659753680229187,47104,50.0,-39.90383277,1.370638,0.005152055,-0.012276607
33.11640167236328,0.007116258,1430,24,0.08364258,49152,0.6801554262638092,49152,50.0,-37.94010825,1.3055649,0.004631451,-0.014887971
34.510950326919556,0.0069234846,1468,25,0.07910156,51200,0.6459141969680786,51200,50.0,-36.69635987,1.2451024,0.0039487355,-0.012392289
35.92965054512024,0.006618379,1443,26,0.076220706,53248,0.6827471852302551,53248,50.0,-35.16219229,1.1813176,0.0035525803,-0.012186905
37.29423236846924,0.006471588,1501,27,0.06992187,55296,0.6038070321083069,55296,50.0,-33.89156421999999,1.1154356,0.0037061688,-0.012773028
38.67558407783508,0.0077266456,1482,28,0.098242186,57344,0.6949233710765839,57344,50.0,-32.67488183,1.065476,0.0029807608,-0.011124327
40.004621744155884,0.006476703,1541,29,0.07402344,59392,0.7503071278333664,59392,50.0,-31.24951048999999,1.0240921,0.0018629816,-0.010798283
41.40360760688782,0.006336269,1464,30,0.06948242,61440,0.6568227410316467,61440,50.0,-30.50416518,0.9677302,0.0023255695,-0.010103686
42.813637495040894,0.0084370095,1453,31,0.10683594,63488,0.7860362529754639,63488,50.0,-30.331571089999997,0.90547705,0.0016436506,-0.013307472
44.38707137107849,0.0073834495,1301,32,0.09052734,65536,0.717553585767746,65536,50.0,-30.23219287000001,0.85255545,0.0019277366,-0.009790338
45.74239373207092,0.009445579,1511,33,0.106933594,67584,0.7686715573072433,67584,50.0,-29.08924128,0.7871822,0.0015433563,-0.014240081
47.10990071296692,0.007148457,1497,34,0.091308594,69632,0.7547896206378937,69632,50.0,-27.706684359999993,0.7271194,0.001503838,-0.012095567
48.56919193267822,0.007701958,1403,35,0.09467773,71680,0.7246027886867523,71680,50.0,-27.065233720000002,0.6803622,0.0014214078,-0.010753215
49.94227313995361,0.008856452,1491,36,0.10874023,73728,0.7526556253433228,73728,50.0,-26.782479820000002,0.6231999,0.0013659152,-0.0142086195
51.38115191459656,0.0090116365,1423,37,0.11118164,75776,0.7442018091678619,75776,50.0,-26.079960859999996,0.56781757,0.0012248356,-0.0130063575
52.81618332862854,0.007981143,1427,38,0.103710935,77824,0.7831983417272568,77824,50.0,-24.898074230000006,0.520261,0.0010716243,-0.010807547
54.17585277557373,0.008013023,1506,39,0.09121094,79872,0.7926164418458939,79872,50.0,-23.77306419,0.45241347,0.0009962136,-0.012311528
55.51235628128052,0.008877731,1532,40,0.113867186,81920,0.7778834253549576,81920,50.0,-22.791027810000006,0.38912833,0.0008767151,-0.011911961
56.87558603286743,0.009873081,1502,41,0.1222168,83968,0.7726853340864182,83968,50.0,-21.772303770000008,0.33190423,0.0007652306,-0.015008924
58.264079570770264,0.008421619,1475,42,0.09677734,86016,0.8561410754919052,86016,50.0,-20.8422405,0.28036126,0.0005476166,-0.012646884
59.76223278045654,0.0080386475,1371,43,0.103320315,88064,0.7905585467815399,88064,50.0,-20.762487610000004,0.23168457,0.00059218536,-0.010371094
61.27521634101868,0.010613257,1353,44,0.13115235,90112,0.8004558831453323,90112,50.0,-20.71407638,0.18793762,0.0005945824,-0.012446394
62.699745416641235,0.009877339,1438,45,0.12514648,92160,0.823152706027031,92160,50.0,-20.502156529999997,0.14381512,0.00052399165,-0.012366438
64.10460948944092,0.008030958,1458,46,0.10405274,94208,0.8529451638460159,94208,50.0,-20.00480919,0.09167932,0.00046269145,-0.011341312
65.5319516658783,0.0082185995,1435,47,0.103759766,96256,0.8593241423368454,96256,50.0,-19.812741869999996,0.039521836,0.00047440515,-0.009133489
66.92238974571228,0.009610576,1473,48,0.122802734,98304,0.8618979454040527,98304,50.0,-19.74047155,-0.0117132,0.0004923813,-0.014219108
68.3060667514801,0.007463795,1480,49,0.089697264,100352,0.8666734546422958,100352,50.0,-19.38955562,-0.06734342,0.00038970052,-0.008341551
69.666588306427,0.008329761,1505,50,0.10615234,102400,0.8470905274152756,102400,50.0,-18.542478920000004,-0.11838744,0.00040014694,-0.012676029
71.06265902519226,0.009383554,1467,51,0.10844727,104448,0.8450896441936493,104448,50.0,-18.00446813,-0.18569072,0.00045200842,-0.012626844
72.45321655273438,0.009145283,1473,52,0.11674805,106496,0.8563352078199387,106496,50.0,-17.33610986,-0.23918721,0.00037113664,-0.012289206
73.8896050453186,0.009192271,1426,53,0.11899414,108544,0.8844372481107712,108544,50.0,-17.120762179999996,-0.25668857,0.00024419054,-0.011662042
75.36505913734436,0.00920986,1388,54,0.12460937,110592,0.7932515740394592,110592,50.0,-17.04594432,-0.26562694,0.00034066263,-0.01106031
76.88039064407349,0.009726613,1351,55,0.12460937,112640,0.8160174190998077,112640,50.0,-17.625882909999998,-0.28820872,0.0003624234,-0.012664467
78.22508573532104,0.0107112555,1523,56,0.13579102,114688,0.7925944924354553,114688,50.0,-17.28683083,-0.33340013,0.00042577623,-0.016584996
79.56923079490662,0.009561108,1524,57,0.125,116736,0.8431438654661179,116736,50.0,-16.233377039999997,-0.37394825,0.00032341506,-0.0106578935
80.90970182418823,0.010180617,1528,58,0.13212891,118784,0.842015266418457,118784,50.0,-15.536813830000002,-0.41713056,0.0002934107,-0.012062212
82.25626349449158,0.009099612,1521,59,0.11381836,120832,0.8577122837305069,120832,50.0,-15.591532859999997,-0.468561,0.00027839915,-0.013143475
83.69094252586365,0.00975053,1427,60,0.13251953,122880,0.7995435446500778,122880,50.0,-15.117966699999997,-0.5073449,0.00035569607,-0.011157496
85.13956308364868,0.010505656,1414,61,0.13515624,124928,0.8328392058610916,124928,50.0,-14.9451936,-0.53584707,0.00031532202,-0.013555941
86.59448313713074,0.011043068,1408,62,0.14038086,126976,0.8406323790550232,126976,50.0,-14.96112911,-0.562878,0.00032347842,-0.011800707
88.0059916973114,0.010112102,1451,63,0.12104492,129024,0.8744795471429825,129024,50.0,-15.03969113,-0.5999824,0.00024074016,-0.010049012
89.42925977706909,0.012739897,1444,64,0.15732422,131072,0.8335601687431335,131072,50.0,-14.975399970000003,-0.6447663,0.00027319248,-0.014394373
91.02389216423035,0.010893259,1284,65,0.14003906,133120,0.8187358230352402,133120,50.0,-14.323463330000003,-0.6925545,0.0002783052,-0.009489945
92.52022814750671,0.010475514,1369,66,0.12568359,135168,0.8543424159288406,135168,50.0,-13.979469559999998,-0.7469221,0.00024700767,-0.010050209
94.02963399887085,0.01057688,1357,67,0.13969727,137216,0.8462323099374771,137216,50.0,-14.30120228,-0.79069126,0.00027193705,-0.011525294
95.55498099327087,0.011596113,1342,68,0.14780274,139264,0.8142960369586945,139264,50.0,-14.4410145,-0.8352536,0.00030090075,-0.012985798
97.06412315368652,0.01020395,1357,69,0.13354492,141312,0.8458046168088913,141312,50.0,-13.774794679999998,-0.8767341,0.00022967237,-0.009394163
98.55151534080505,0.011101087,1377,70,0.14501953,143360,0.872995525598526,143360,50.0,-13.48924478,-0.910467,0.00017663176,-0.012989767
99.94698309898376,0.012536863,1467,71,0.15766601,145408,0.8725719153881073,145408,50.0,-13.00384816,-0.95961696,0.0001916528,-0.012628834
101.38269829750061,0.014195606,1426,72,0.17250976,147456,0.7820730358362198,147456,50.0,-13.3402563,-1.0001799,0.00030180396,-0.01378542
102.91419219970703,0.010974517,1337,73,0.13681641,149504,0.8419715762138367,149504,50.0,-13.200690240000004,-1.0268793,0.00021591208,-0.010246632
104.31999921798706,0.011989659,1457,74,0.15473633,151552,0.8792519345879555,151552,50.0,-12.65540315,-1.0541975,0.00014259091,-0.0104689095
105.70908308029175,0.015081783,1474,75,0.1807129,153600,0.8990686759352684,153600,50.0,-12.529216619999998,-1.0833478,0.00013210444,-0.012516402
107.07336640357971,0.011898743,1501,76,0.15092774,155648,0.8187254220247269,155648,50.0,-12.308419220000001,-1.1084977,0.00019018074,-0.0121701835
108.4463381767273,0.011719504,1492,77,0.15122071,157696,0.9108508303761482,157696,50.0,-12.989418629999998,-1.138015,0.00012933699,-0.011445006
109.79615783691406,0.0109210005,1517,78,0.13466796,159744,0.8715818077325821,159744,50.0,-13.053727440000005,-1.1843449,0.00018517757,-0.008381998
111.16468143463135,0.013810487,1496,79,0.17592773,161792,0.8785020634531975,161792,50.0,-12.764119820000001,-1.2215275,0.00015264374,-0.012678427
112.55156469345093,0.01397761,1477,80,0.17167969,163840,0.8739745616912842,163840,50.0,-12.20949521,-1.2485932,0.00018644967,-0.009529749
113.91051316261292,0.016311048,1507,81,0.20268555,165888,0.9003692716360092,165888,50.0,-12.484366489999998,-1.2782795,0.00015021786,-0.012651792
115.35543274879456,0.014542642,1417,82,0.18413086,167936,0.8780033960938454,167936,50.0,-12.52247252,-1.322176,0.00018707788,-0.006966906
116.74550724029541,0.012128351,1473,83,0.15732422,169984,0.8854663446545601,169984,50.0,-12.2478056,-1.3623621,0.0001355492,-0.00901008
118.1460382938385,0.013290467,1462,84,0.16621093,172032,0.9048252925276756,172032,50.0,-11.789040320000002,-1.3855206,0.00012940721,-0.009339662
119.51254868507385,0.013536559,1499,85,0.1696289,174080,0.9041819274425507,174080,50.0,-12.11208202,-1.415394,0.00014727675,-0.010562016
120.97108125686646,0.014129083,1404,86,0.17299804,176128,0.8882501572370529,176128,50.0,-11.708611470000001,-1.4537871,0.000120527184,-0.0089612445
122.35202097892761,0.016265182,1483,87,0.20668945,178176,0.8888983055949211,178176,50.0,-11.493589639999998,-1.486675,0.0001335959,-0.0135939
123.7955539226532,0.013792542,1419,88,0.17050782,180224,0.9164713248610497,180224,50.0,-11.42603619,-1.4999838,0.000110406705,-0.01142005
125.14417624473572,0.016707856,1519,89,0.20424804,182272,0.9235494509339333,182272,50.0,-11.803495919999998,-1.5217159,0.00011538986,-0.012653634
126.55521655082703,0.015958171,1451,90,0.20004883,184320,0.9215976670384407,184320,50.0,-11.648838030000002,-1.5634948,0.000113494854,-0.0059787766
127.93922567367554,0.0129673155,1480,91,0.1605957,186368,0.8790909424424171,186368,50.0,-11.11865685,-1.6027092,0.0001567802,-0.006309688
129.29677891731262,0.015055107,1508,92,0.18720703,188416,0.9008888825774193,188416,50.0,-11.123427290000002,-1.6201065,0.00014880624,-0.011132259
130.64872765541077,0.015301434,1515,93,0.1895996,190464,0.9272322058677673,190464,50.0,-11.07679096,-1.6437553,0.00010516388,-0.0077577746
132.0073766708374,0.01607383,1507,94,0.2012207,192512,0.9280972704291344,192512,50.0,-10.85369766,-1.6684927,9.877456e-05,-0.006898868
133.36413860321045,0.020407435,1509,95,0.22958985,194560,0.9091299697756767,194560,50.0,-10.380821760000002,-1.6994442,9.52244e-05,-0.012542102
134.726722240448,0.016179644,1503,96,0.19658203,196608,0.9377904869616032,196608,50.0,-10.597554769999999,-1.7295678,9.805472e-05,-0.0071979077
136.14149069786072,0.015728377,1447,97,0.19672851,198656,0.9139182716608047,198656,50.0,-11.24307434,-1.747415,0.00013468499,-0.004711458
137.82043766975403,0.016948316,1220,98,0.20380859,200704,0.8689130246639252,200704,50.0,-11.136709620000001,-1.7664303,0.00013081385,-0.0077375956
139.38911747932434,0.019326465,1305,99,0.21479492,202752,0.9064853861927986,202752,50.0,-10.3934359,-1.7716728,9.043442e-05,-0.012364143
140.88617300987244,0.015954256,1368,100,0.20244141,204800,0.9244812801480293,204800,50.0,-10.24542831,-1.789745,9.264255e-05,-0.0062580565
142.51911091804504,0.018568346,1254,101,0.20166016,206848,0.8725516498088837,206848,50.0,-10.24488887,-1.8413805,0.00012939426,-0.0086610485
143.9833207130432,0.018405605,1399,102,0.22373047,208896,0.8856641575694084,208896,50.0,-10.30921292,-1.8672415,0.00014943225,-0.007355313
145.51716351509094,0.015977029,1335,103,0.2034668,210944,0.9266820922493935,210944,50.0,-10.117822060000002,-1.8758132,9.3975104e-05,-0.005529819
146.95312523841858,0.017929602,1426,104,0.22275391,212992,0.9055421501398087,212992,50.0,-9.541487590000001,-1.885453,0.00013209708,-0.0036107611
148.31114196777344,0.017752727,1508,105,0.21479492,215040,0.9172850474715233,215040,50.0,-9.394113169999999,-1.910726,9.428881e-05,-0.00847461
149.7041573524475,0.01854181,1470,106,0.21547851,217088,0.898371696472168,217088,50.0,-10.114987500000002,-1.921579,0.000117119416,-0.012187003
151.09554028511047,0.016025154,1472,107,0.18759766,219136,0.8975749686360359,219136,50.0,-10.256476170000001,-1.9349766,0.00013093138,-0.009959605
152.5071280002594,0.01947491,1456,108,0.2232422,221184,0.9112091213464737,221184,50.0,-9.562440689999999,-1.9714487,0.00010600624,-0.0071861157
153.970294713974,0.020175794,1400,109,0.2340332,223232,0.877176471054554,223232,50.0,-9.56141553,-2.0109289,0.00012327817,-0.012836884
155.41514492034912,0.016267935,1417,110,0.19726562,225280,0.9107253029942513,225280,50.0,-10.226105469999998,-2.0429463,0.00013629733,-0.006001696
156.8036859035492,0.015210028,1475,111,0.18867187,227328,0.9080994501709938,227328,50.0,-10.288632009999999,-2.0560706,0.00010315292,-0.0026081682
158.3280589580536,0.01886759,1343,112,0.22421876,229376,0.9249511808156967,229376,50.0,-9.996833930000001,-2.0621886,0.000103433,-0.008300838
159.70645427703857,0.023544934,1486,113,0.24389648,231424,0.9381981194019318,231424,50.0,-10.34045436,-2.0589147,0.00010288111,-0.008714725
161.38024044036865,0.019927232,1223,114,0.2277832,233472,0.9366050735116005,233472,50.0,-10.69065986,-2.070219,0.00010336378,-0.007345474
163.03292846679688,0.02092629,1239,115,0.24018554,235520,0.9141986519098282,235520,50.0,-10.98491023,-2.0876257,0.00012013536,-0.0073098554
164.59254240989685,0.020862876,1313,116,0.23867187,237568,0.9106274843215942,237568,50.0,-10.676612969999999,-2.1131957,0.00011414995,-0.0044138674
166.26605772972107,0.019971672,1224,117,0.23520508,239616,0.936875656247139,239616,50.0,-10.04419568,-2.1347868,9.881327e-05,-0.002575652
167.6196141242981,0.023113156,1513,118,0.24750976,241664,0.9393617250025272,241664,50.0,-10.013178430000002,-2.1506002,8.74603e-05,-0.008402729
168.97517371177673,0.016896835,1511,119,0.20244141,243712,0.9429770484566689,243712,50.0,-10.290400409999997,-2.1582062,8.1175436e-05,-0.0060125766
170.4255702495575,0.020717219,1412,120,0.24726562,245760,0.9083585068583488,245760,50.0,-10.663969320000001,-2.1677442,0.00014397144,-0.008530001
172.15108346939087,0.022894636,1187,121,0.25263673,247808,0.9366241842508316,247808,50.0,-10.425160070000002,-2.1891916,0.00010128772,-0.009811501
173.76239252090454,0.021581788,1271,122,0.23876953,249856,0.9002427086234093,249856,50.0,-9.76037661,-2.2306266,0.00013431968,-0.007526676
175.45522284507751,0.018928055,1210,123,0.22460938,251904,0.919471025466919,251904,50.0,-9.83182751,-2.255644,0.000132038,-0.008221387
177.2187695503235,0.019959908,1161,124,0.22915038,253952,0.9347275048494339,253952,50.0,-9.83780776,-2.268847,9.051387e-05,-0.0013374012
178.70287895202637,0.021599557,1380,125,0.24692383,256000,0.9204012006521225,256000,50.0,-9.90749123,-2.2710328,0.000114636925,-0.0060022864
180.25838494300842,0.020070465,1316,126,0.23657227,258048,0.8977123871445656,258048,50.0,-9.48377507,-2.256285,8.232794e-05,-0.01040128
181.86615824699402,0.020494346,1274,127,0.23920898,260096,0.9154767170548439,260096,50.0,-9.389005,-2.2618499,9.6228396e-05,-0.007529197
183.5096299648285,0.023084212,1246,128,0.2511719,262144,0.9090551063418388,262144,50.0,-9.524431270000001,-2.277498,0.0001188543,-0.0054807565
184.92065930366516,0.029527158,1451,129,0.28139648,264192,0.9259790629148483,264192,50.0,-9.9294429,-2.304311,0.00011126528,-0.012965804
186.27843761444092,0.025359139,1508,130,0.2686035,266240,0.8810662403702736,266240,50.0,-10.245630039999998,-2.3134818,0.0001507266,-0.011673081
187.67460560798645,0.02058376,1467,131,0.22885743,268288,0.917543426156044,268288,50.0,-9.745366330000001,-2.3211942,0.00011270164,-0.009386349
189.1149616241455,0.020703582,1422,132,0.24335937,270336,0.9265834465622902,270336,50.0,-9.47023591,-2.338225,0.00010490555,-0.0032600295
190.48803186416626,0.021829452,1491,133,0.24243164,272384,0.9170029833912849,272384,50.0,-9.43216891,-2.3646293,0.00012558258,-0.0038742758
191.9533667564392,0.020705638,1398,134,0.2324707,274432,0.9472604990005493,274432,50.0,-9.43134228,-2.4053085,8.041026e-05,-0.0045822044
193.30694317817688,0.020273056,1513,135,0.23427734,276480,0.9497440718114376,276480,50.0,-9.224537450000001,-2.4308631,7.535302e-05,-0.0050800545
194.8489212989807,0.020225646,1328,136,0.22905274,278528,0.910819873213768,278528,50.0,-8.94168954,-2.4520717,0.000108422966,-0.0067096055
196.28006029129028,0.01860317,1431,137,0.22133788,280576,0.9156239554286003,280576,50.0,-8.810817759999997,-2.4602528,9.972098e-05,-0.0051339553
197.63617539405823,0.01944449,1510,138,0.23115234,282624,0.9203310310840607,282624,50.0,-8.798264490000001,-2.462851,0.00012663475,-0.0040340316
199.0077359676361,0.02390296,1493,139,0.27001953,284672,0.9516058228909969,284672,50.0,-9.48572042,-2.4849925,9.555859e-05,-0.0012564834
200.43444538116455,0.022206914,1435,140,0.25375977,286720,0.9207540899515152,286720,50.0,-9.60056778,-2.5120478,0.000108636756,-0.008430554
201.81015372276306,0.021218618,1489,141,0.24311523,288768,0.9116129353642464,288768,50.0,-8.908152869999999,-2.5218482,0.00010908187,-0.005686623
203.2208251953125,0.022314984,1452,142,0.24194336,290816,0.9042868837714195,290816,50.0,-8.75249355,-2.5440898,9.4077914e-05,-0.0050051147
204.56413388252258,0.024480086,1525,143,0.25600585,292864,0.9197256937623024,292864,50.0,-9.025069359999998,-2.568943,0.00012373713,-0.0062108235
205.90306687355042,0.027846385,1529,144,0.27509767,294912,0.8711532354354858,294912,50.0,-9.69887304,-2.5703547,0.0001081271,-0.01351578
207.40854859352112,0.025285188,1360,145,0.2554199,296960,0.8630656599998474,296960,50.0,-9.377724599999999,-2.5737069,0.00012348683,-0.007616747
208.83389568328857,0.024226082,1437,146,0.2609375,299008,0.8950394466519356,299008,50.0,-8.75802549,-2.5873048,0.000110867244,-0.008377327
210.23136448860168,0.02229173,1465,147,0.24555664,301056,0.9265690967440605,301056,50.0,-8.776089680000002,-2.6200676,9.470826e-05,-0.004171266
211.6268937587738,0.025005212,1467,148,0.26567382,303104,0.9188048094511032,303104,50.0,-8.78499418,-2.636553,9.958619e-05,-0.006738536
212.98717546463013,0.024625862,1505,149,0.25698242,305152,0.9155727401375771,305152,50.0,-8.545768129999999,-2.6538873,8.590988e-05,-0.006193612
214.32542896270752,0.02517364,1530,150,0.26225585,307200,0.9285138472914696,307200,50.0,-8.51752501,-2.6717963,0.000109692584,-0.0015446219
215.9099452495575,0.028097738,1292,151,0.2713379,309248,0.9013113006949425,309248,50.0,-8.259923119999998,-2.686883,9.441804e-05,-0.0060604187
217.56851887702942,0.024772499,1235,152,0.26049805,311296,0.9412070885300636,311296,50.0,-8.66679971,-2.7117324,7.142873e-05,-0.001215634
219.31495666503906,0.025613794,1172,153,0.27631837,313344,0.9077563136816025,313344,50.0,-8.488601890000002,-2.7374034,0.00010272544,-0.0044236
220.9574475288391,0.025865752,1247,154,0.26997072,315392,0.9332492500543594,315392,50.0,-8.43928845,-2.7663884,7.596746e-05,0.0019671042
222.34100675582886,0.025883252,1480,155,0.26489258,317440,0.9049700051546097,317440,50.0,-8.25877977,-2.7889266,0.000116975614,-0.005897967
223.6697907447815,0.024959844,1541,156,0.25141603,319488,0.8956523686647415,319488,50.0,-8.11920257,-2.8023446,0.00011274603,-0.0011626275
225.00502943992615,0.021738563,1534,157,0.2532715,321536,0.9132966548204422,321536,50.0,-8.34288421,-2.8100462,0.00010144421,0.003073171
226.56296491622925,0.025828898,1319,158,0.2710449,323584,0.8966215327382088,323584,50.0,-8.539137599999998,-2.8159359,0.00011774481,-0.0020800068
228.1080138683319,0.022416813,1325,159,0.24853516,325632,0.8952845111489296,325632,50.0,-8.44042477,-2.8007393,0.00010571225,-0.0030437135
229.6007308959961,0.030581212,1372,160,0.28583986,327680,0.8129007369279861,327680,50.0,-8.40646198,-2.7862315,0.00015734015,-0.0018287625
230.93081784248352,0.0252547,1540,161,0.26787108,329728,0.867249608039856,329728,50.0,-8.48686719,-2.7899146,0.00013618474,-0.0016002742
232.3427119255066,0.027204435,1450,162,0.26157227,331776,0.8859739974141121,331776,50.0,-8.186819190000001,-2.8086824,0.00011120358,-0.0007322831
233.73444509506226,0.023416,1471,163,0.261084,333824,0.8778103590011597,333824,50.0,-8.054765269999999,-2.81854,0.00010891131,-0.004295995
235.1302638053894,0.022244869,1467,164,0.25073242,335872,0.906313106417656,335872,50.0,-7.74676925,-2.8198159,9.0225905e-05,-0.0017773313
236.52301859855652,0.033685498,1470,165,0.29521483,337920,0.8840679824352264,337920,50.0,-7.85184164,-2.8061929,0.00010259659,-0.0052312026
238.09183645248413,0.027052239,1305,166,0.2729004,339968,0.9012320339679718,339968,50.0,-7.7721342600000005,-2.8130918,0.00011491658,-0.002005545
239.73911476135254,0.029047158,1243,167,0.2772461,342016,0.841633528470993,342016,50.0,-8.116952249999999,-2.836948,0.00014482516,-0.0028691348
241.16001915931702,0.021989856,1441,168,0.24404296,344064,0.8783812746405602,344064,50.0,-8.104588269999999,-2.8502038,0.00011264709,-0.0007345075
242.5969648361206,0.024351975,1431,169,0.2506836,346112,0.8194202333688736,346112,50.0,-7.802773180000003,-2.8560524,0.0001445101,-0.0057566552
243.97465014457703,0.023971792,1486,170,0.2611328,348160,0.863508939743042,348160,50.0,-7.5335879299999995,-2.8729963,0.0001345012,-0.0026318193
245.35306334495544,0.027838748,1486,171,0.28833008,350208,0.8795848861336708,350208,50.0,-7.3917268,-2.8901253,9.8459364e-05,0.00034633704
246.7863004207611,0.024158452,1429,172,0.25273436,352256,0.9023642092943192,352256,50.0,-7.88590713,-2.9011579,0.00011424492,0.0016519055
248.30157351493835,0.022787346,1351,173,0.2536133,354304,0.8614522069692612,354304,50.0,-7.752644929999999,-2.9186926,0.00012715634,-0.0069477074
249.82846593856812,0.028927416,1341,174,0.28134766,356352,0.8249820172786713,356352,50.0,-7.32170722,-2.9308436,9.5560594e-05,-0.0014436278
251.2234001159668,0.031504232,1468,175,0.29125977,358400,0.9044815003871918,358400,50.0,-7.51667074,-2.9314234,0.00012957142,-0.0011913975
252.68195605278015,0.029545581,1409,176,0.29013672,360448,0.8823331892490387,360448,50.0,-7.6098095699999995,-2.934644,9.762853e-05,-0.005808347
254.09298539161682,0.026930463,1451,177,0.27607423,362496,0.8644952327013016,362496,50.0,-7.529404229999999,-2.9407334,0.00014320925,-0.0018478412
255.57997179031372,0.024120346,1377,178,0.26538086,364544,0.883335642516613,364544,50.0,-7.19232911,-2.9524136,9.072227e-05,0.00051507715
257.04660058021545,0.025039813,1396,179,0.27333984,366592,0.9084954261779785,366592,50.0,-6.9415586000000005,-2.9618876,9.1332025e-05,0.0034086355
258.4014792442322,0.025137428,1511,180,0.25810546,368640,0.8607820272445679,368640,50.0,-6.977381110000001,-2.9672847,8.972449e-05,-0.0017945189
259.8490436077118,0.026974937,1415,181,0.26030272,370688,0.8723797351121902,370688,50.0,-6.899653110000002,-2.975987,8.3223335e-05,-0.0012639652
261.2792499065399,0.025620192,1432,182,0.2713867,372736,0.9004591554403305,372736,50.0,-6.793808749999999,-2.9996636,7.847582e-05,0.0032245815
262.67904782295227,0.024645042,1463,183,0.27041015,374784,0.8622071743011475,374784,50.0,-6.428242879999999,-3.0079541,0.00010072174,0.003231714
264.11878395080566,0.024266358,1422,184,0.25742188,376832,0.8992843851447105,376832,50.0,-6.997306729999999,-3.0131943,8.691191e-05,-0.00267747
265.4854302406311,0.02453222,1498,185,0.27333984,378880,0.9160397797822952,378880,50.0,-7.079646909999999,-3.0154853,8.0454905e-05,0.004219702
266.835040807724,0.032326788,1517,186,0.3071289,380928,0.9178538545966148,380928,50.0,-7.177612990000001,-3.0095258,6.6714616e-05,0.0004961908
268.2855999469757,0.02295029,1412,187,0.2520508,382976,0.8914923295378685,382976,50.0,-6.97504756,-3.013718,7.3341405e-05,-0.0008721681
269.73662090301514,0.029555013,1411,188,0.2819336,385024,0.878311388194561,385024,50.0,-6.73985168,-3.018964,0.00010048055,-0.006357993
271.10262084007263,0.028685782,1499,189,0.28442383,387072,0.8484746515750885,387072,50.0,-6.611879099999999,-3.0290074,0.00010072673,0.004179915
272.4402952194214,0.027389562,1531,190,0.2710449,389120,0.8343877047300339,389120,50.0,-6.966203370000001,-3.0503318,0.00010249884,0.0025522336
273.80707263946533,0.033480324,1498,191,0.3041504,391168,0.8144093453884125,391168,50.0,-7.115986399999998,-3.057617,0.00014700004,0.0003397054
275.15468740463257,0.028920153,1520,192,0.28637695,393216,0.8214538544416428,393216,50.0,-7.50259186,-3.0572476,0.0001315122,-0.0029300544
276.5282144546509,0.030446744,1491,193,0.2939453,395264,0.8982781991362572,395264,50.0,-7.141976699999999,-3.0702317,0.00010523237,0.0026979276
278.0338890552521,0.029155985,1364,194,0.28442383,397312,0.8624627590179443,397312,50.0,-7.05853611,-3.088385,8.7450186e-05,-0.0024446086
279.4204053878784,0.025922846,1477,195,0.270166,399360,0.8661227971315384,399360,50.0,-6.84583596,-3.0946438,0.00010097062,0.0021018726
280.780366897583,0.030352632,1506,196,0.28139648,401408,0.8848554193973541,401408,50.0,-6.89385706,-3.097752,8.8211156e-05,0.0004689793
282.1812472343445,0.028512752,1462,197,0.30083007,403456,0.8802253231406212,403456,50.0,-6.821429259999999,-3.111839,7.3349715e-05,0.0016111231
283.53145837783813,0.030040275,1517,198,0.29702148,405504,0.8857537508010864,405504,50.0,-6.660488320000001,-3.118195,0.00011279363,0.0058989343
284.86748456954956,0.025726583,1533,199,0.27026367,407552,0.86618372797966,407552,50.0,-6.6995759800000005,-3.1283185,0.00011922495,-0.00011528374
286.22588300704956,0.029135054,1508,200,0.28105468,409600,0.8547647595405579,409600,50.0,-6.59447116,-3.124862,0.00010338009,0.005173924
287.6115484237671,0.031488676,1478,201,0.30610353,411648,0.8664494752883911,411648,50.0,-6.56563388,-3.1086898,9.087705e-05,-3.734323e-05
289.1005907058716,0.031957757,1375,202,0.30649415,413696,0.8841626867651939,413696,50.0,-6.49535699,-3.1077876,7.676212e-05,0.0017342292
290.47429037094116,0.028895002,1491,203,0.29121095,415744,0.8766327351331711,415744,50.0,-6.93339534,-3.1198146,0.000106083186,-0.006968721
291.8377208709717,0.033807542,1502,204,0.3260742,417792,0.8664696663618088,417792,50.0,-7.07878924,-3.1273596,0.00010624081,-0.0023437545
293.25427985191345,0.02552035,1450,205,0.28623047,419840,0.8814638033509254,419840,50.0,-6.991075449999999,-3.1341922,8.633292e-05,-0.0032987217
294.63681960105896,0.038279485,1481,206,0.2948242,421888,0.8380181193351746,421888,50.0,-6.7225630899999995,-3.1411016,0.00010704398,-0.0014740893
296.0398554801941,0.03151386,1460,207,0.3084961,423936,0.8798958137631416,423936,50.0,-6.545510139999999,-3.1612453,9.486878e-05,0.0040202844
297.49401569366455,0.027417187,1408,208,0.29350585,425984,0.9020439758896828,425984,50.0,-6.611584160000001,-3.185698,7.243019e-05,0.0064255656
299.00425958633423,0.02843437,1356,209,0.29433593,428032,0.8926821500062943,428032,50.0,-6.772482480000001,-3.1942873,8.689429e-05,0.0006312183
300.51742696762085,0.035266954,1353,210,0.31987303,430080,0.8938850685954094,430080,50.0,-6.74543363,-3.1815166,6.997e-05,0.0014104369
302.02618980407715,0.060002517,1357,211,0.2989746,432128,0.825534999370575,432128,50.0,-6.827391060000001,-3.1752605,0.00013249056,-0.005015816
303.6370050907135,0.041615374,1275,212,0.29956055,434176,0.9134899750351906,434176,50.0,-7.03752952,-3.1775718,8.0103055e-05,-0.0042845597
305.09227442741394,0.029704455,1407,213,0.2873047,436224,0.8788092881441116,436224,50.0,-6.60510943,-3.1945207,6.594114e-05,-0.002205287
306.5554163455963,0.027330687,1400,214,0.28706056,438272,0.8541648089885712,438272,50.0,-6.177390499999999,-3.2116647,9.639766e-05,0.003915596
307.9335091114044,0.033711027,1486,215,0.30664062,440320,0.8607211112976074,440320,50.0,-6.301177169999999,-3.2227855,9.541366e-05,-0.0021778382
309.3659429550171,0.035151172,1430,216,0.31889647,442368,0.8957893028855324,442368,50.0,-6.44368476,-3.2346225,7.256846e-05,-0.0018134288
310.7391619682312,0.033194933,1491,217,0.3232422,444416,0.8579946309328079,444416,50.0,-6.60205511,-3.2456422,0.00011230763,0.0019549632
312.1078071594238,0.0507411,1496,218,0.3222168,446464,0.8731081038713455,446464,50.0,-6.450568279999999,-3.2378755,0.0001118658,-0.004021461
313.4632570743561,0.027081046,1517,219,0.27358398,448512,0.8693274706602097,448512,50.0,-6.29135245,-3.2374122,9.191815e-05,-0.0004907871
314.84572768211365,0.028232675,1481,220,0.2932129,450560,0.9016837477684021,450560,50.0,-6.419891140000001,-3.249617,8.965424e-05,0.0033437908
316.32849860191345,0.030082878,1381,221,0.29829103,452608,0.8739723563194275,452608,50.0,-6.5662734899999995,-3.272546,7.6894954e-05,0.001348643
317.82057666778564,0.024511108,1372,222,0.27021486,454656,0.8160040825605392,454656,50.0,-6.970957690000001,-3.2907815,0.00012783166,0.004375099
319.187979221344,0.02610094,1498,223,0.28100586,456704,0.8715595453977585,456704,50.0,-6.974615210000001,-3.3080947,0.00010013832,0.0023092
320.56407833099365,0.05881269,1488,224,0.30776367,458752,0.8718253970146179,458752,50.0,-7.264084820000001,-3.315557,0.00010536014,-0.00027886222
321.99676156044006,0.026082003,1429,225,0.26958007,460800,0.8945472612977028,460800,50.0,-7.053275639999999,-3.331009,8.282326e-05,0.00019769897
323.3562788963318,0.029634196,1506,226,0.28603515,462848,0.8939538449048996,462848,50.0,-6.53218604,-3.346518,7.0817405e-05,0.0014566865
324.7609329223633,0.03435156,1458,227,0.31938475,464896,0.9109519124031067,464896,50.0,-6.43304297,-3.3575451,6.3728905e-05,0.003819334
326.24639105796814,0.024722507,1379,228,0.2677246,466944,0.9110397696495056,466944,50.0,-6.483105839999999,-3.3638148,6.701445e-05,0.0020765075
327.67859053611755,0.030453315,1430,229,0.2974121,468992,0.9097492024302483,468992,50.0,-6.454755189999999,-3.3830109,7.861385e-05,0.0012104011
329.0803635120392,0.04110163,1461,230,0.2989258,471040,0.9177022650837898,471040,50.0,-6.647272319999998,-3.401732,8.44526e-05,0.0045921025
330.49254322052,0.030635193,1450,231,0.30034178,473088,0.8509057611227036,473088,50.0,-6.478286599999999,-3.4181907,8.639737e-05,0.0056197676
331.94451689720154,0.033941127,1410,232,0.31328124,475136,0.8934535160660744,475136,50.0,-6.463810570000001,-3.4345138,8.015834e-05,0.00552107
333.46349239349365,0.038524695,1348,233,0.3317871,477184,0.8928802236914635,477184,50.0,-6.6174657,-3.4491158,7.123257e-05,0.0032267973
334.87072372436523,0.02525047,1455,234,0.2686035,479232,0.9079206436872482,479232,50.0,-6.536085480000001,-3.463225,7.4010386e-05,0.0029092417
336.2981467247009,0.03075372,1435,235,0.2949707,481280,0.8751083761453629,481280,50.0,-6.45981888,-3.4628818,8.693397e-05,0.0040998915
337.8386535644531,0.037264008,1329,236,0.33320314,483328,0.8942059725522995,483328,50.0,-6.67574683,-3.472037,0.00010206966,-0.0036160648
339.3232936859131,0.025355747,1379,237,0.2794922,485376,0.9026991277933121,485376,50.0,-6.626164729999999,-3.4853063,8.099928e-05,0.0023915006
340.7183117866516,0.03612475,1468,238,0.32421875,487424,0.9116414934396744,487424,50.0,-6.535139620000001,-3.477839,8.9068344e-05,-0.0029142296
342.0807704925537,0.031321786,1503,239,0.29941407,489472,0.8917743265628815,489472,50.0,-6.541743560000001,-3.4801228,7.88273e-05,0.0052973144
343.5482518672943,0.037396986,1395,240,0.321875,491520,0.9202859550714493,491520,50.0,-6.473606979999999,-3.4937332,7.958415e-05,0.0012149087
344.9447429180145,0.040301062,1466,241,0.3428711,493568,0.827822208404541,493568,50.0,-6.481944530000002,-3.49215,9.488375e-05,-0.00057785574
346.33482003211975,0.038626894,1473,242,0.33217773,495616,0.8568585216999054,495616,50.0,-6.270136940000001,-3.4979324,8.6781845e-05,-0.0030176959
347.8348467350006,0.027347824,1365,243,0.28945312,497664,0.9027204588055611,497664,50.0,-6.33641082,-3.5098248,6.691386e-05,-0.00061880855
349.21066451072693,0.07392215,1488,244,0.3561035,499712,0.8197781443595886,499712,50.0,-6.40218818,-3.5127587,0.0001056691,0.0025772676
350.5898787975311,0.038029455,1485,245,0.32856447,501760,0.8707818239927292,501760,50.0,-6.6294220600000004,-3.5128446,0.00010840385,-0.00062314223
351.97951102256775,0.04306928,1474,246,0.3352539,503808,0.8927936255931854,503808,50.0,-7.0934618799999996,-3.5274215,0.00010886455,0.0039663715
353.40791964530945,0.033970576,1434,247,0.31142578,505856,0.8543421030044556,505856,50.0,-7.0250670600000005,-3.538707,0.00010805334,0.0017426744
354.8224685192108,0.028344134,1448,248,0.29418945,507904,0.8690435290336609,507904,50.0,-6.65514933,-3.542729,0.00011143917,0.0024208047
356.17932653427124,0.040526185,1509,249,0.33032227,509952,0.8919581472873688,509952,50.0,-6.570863549999998,-3.557858,8.982992e-05,0.0027157771
357.6215567588806,0.03739167,1420,250,0.32753906,512000,0.8714663833379745,512000,50.0,-6.7939628800000005,-3.5624988,0.0001456446,0.009445375
359.04319620132446,0.08592008,1440,251,0.36416015,514048,0.7939719259738922,514048,50.0,-6.819960169999999,-3.5609863,0.00010505975,0.00018718392
360.4244270324707,0.050916433,1483,252,0.36079103,516096,0.8927049711346626,516096,50.0,-6.721634140000001,-3.5786781,9.53705e-05,-0.00539039
361.8292627334595,0.039692074,1458,253,0.32475585,518144,0.8823415786027908,518144,50.0,-6.3536816,-3.5915494,0.000103214625,-0.00564189
363.24156165122986,0.035491,1450,254,0.33242187,520192,0.8936128467321396,520192,50.0,-6.240163730000001,-3.5958161,9.079065e-05,0.0045243977
364.6162567138672,0.032808047,1490,255,0.31083983,522240,0.8789585530757904,522240,50.0,-6.08003288,-3.5967076,8.6646745e-05,0.0057328017
366.0070068836212,0.037502583,1472,256,0.33569336,524288,0.8672815412282944,524288,50.0,-6.397831279999999,-3.5947883,0.00012758019,0.008742492
367.49916195869446,0.032043323,1372,257,0.30610353,526336,0.8728954344987869,526336,50.0,-6.575528520000001,-3.5961366,0.00012816578,0.0061754063
368.8878242969513,0.035843574,1475,258,0.33007812,528384,0.9140212759375572,528384,50.0,-6.50993117,-3.5821807,9.82349e-05,0.002129976
370.32358479499817,0.061983865,1426,259,0.34506837,530432,0.8633520603179932,530432,50.0,-6.57463432,-3.55903,0.000110861045,-0.002407188
371.7921724319458,0.033031814,1394,260,0.30751953,532480,0.9138322174549103,532480,50.0,-6.4085031400000005,-3.5437362,7.287221e-05,0.0023322448
373.1453592777252,0.03495061,1513,261,0.3178711,534528,0.920972615480423,534528,50.0,-6.280640989999999,-3.5350718,5.2517466e-05,0.0043537114
374.60459065437317,0.04974123,1403,262,0.3416504,536576,0.8362654447555542,536576,50.0,-6.2165577899999995,-3.5178075,0.000120528624,0.00038605806
376.05099081993103,0.032982923,1416,263,0.29882812,538624,0.8576513081789017,538624,50.0,-6.58623508,-3.5138023,0.000134233,-0.004636618
377.43762707710266,0.03584853,1477,264,0.3239746,540672,0.904451385140419,540672,50.0,-6.4949305100000005,-3.5376568,6.2084575e-05,0.0035250105
378.82249426841736,0.033635877,1479,265,0.31948242,542720,0.9170638099312782,542720,50.0,-6.191257329999998,-3.5582764,5.652256e-05,-0.006410987
380.2317638397217,0.040158078,1453,266,0.32910156,544768,0.9131019189953804,544768,50.0,-6.210585539999999,-3.5760052,6.953582e-05,0.010525454
381.59447026252747,0.03581326,1503,267,0.31723633,546816,0.8922442942857742,546816,50.0,-6.109620800000001,-3.586022,8.0876074e-05,0.007577812
382.9989957809448,0.030473912,1458,268,0.30151367,548864,0.9224960282444954,548864,50.0,-5.709488429999999,-3.5745862,4.49175e-05,0.0043720426
384.40120792388916,0.03541804,1460,269,0.31865233,550912,0.9190628454089165,550912,50.0,-6.026738689999999,-3.5686321,6.4099346e-05,-0.0027684337
385.72505164146423,0.043892313,1547,270,0.3449707,552960,0.9124458953738213,552960,50.0,-6.40317375,-3.553245,7.865538e-05,-0.0005522714
387.032103061676,0.034309555,1567,271,0.31381837,555008,0.9171990901231766,555008,50.0,-6.42872231,-3.5440745,6.004284e-05,-0.0033596314
388.3370404243469,0.036528867,1569,272,0.32255858,557056,0.8922936245799065,557056,50.0,-6.37043953,-3.5333378,0.00010848474,0.006205461
389.6641309261322,0.03588778,1543,273,0.32905275,559104,0.9115917757153511,559104,50.0,-6.57924943,-3.5273259,0.000102496495,0.0020322218
390.9761915206909,0.04235587,1561,274,0.35385743,561152,0.910919763147831,561152,50.0,-6.47051705,-3.521955,9.6217365e-05,0.0022679523
392.2816243171692,0.0384678,1569,275,0.3022461,563200,0.9119424372911453,563200,50.0,-6.249663549999999,-3.5146923,6.985573e-05,-0.0012113993
393.6126470565796,0.03383562,1539,276,0.30966797,565248,0.8891787901520729,565248,50.0,-6.064442440000001,-3.5307393,6.6511195e-05,-0.0038442966
394.98495054244995,0.031228382,1492,277,0.31884766,567296,0.9092884734272957,567296,50.0,-5.72288578,-3.5375454,6.260921e-05,0.0043806857
396.2947406768799,0.036270168,1563,278,0.31381837,569344,0.8896079510450363,569344,50.0,-5.823083840000001,-3.5532022,7.8104626e-05,0.0026220456
397.6565098762512,0.03363538,1509,279,0.31113282,571392,0.9289865866303444,571392,50.0,-6.06978023,-3.5826316,5.4273958e-05,0.0040226215
398.96138644218445,0.040134754,1569,280,0.34433594,573440,0.8838892504572868,573440,50.0,-6.550798669999999,-3.5911026,0.000111490765,0.0061845975
400.2702782154083,0.0464078,1565,281,0.3668457,575488,0.8820744305849075,575488,50.0,-6.5359557200000005,-3.5877814,0.00010372644,-0.005445321
401.57824969291687,0.033282615,1566,282,0.31083983,577536,0.8750360682606697,577536,50.0,-6.103375510000001,-3.5995266,8.830342e-05,0.0030293162
403.03029227256775,0.03188257,1410,283,0.3095703,579584,0.9243389368057251,579584,50.0,-6.4058405,-3.6089637,6.850048e-05,0.0027152894
404.4780421257019,0.037074167,1415,284,0.33012694,581632,0.8908245712518692,581632,50.0,-6.415811589999999,-3.61118,0.000105624145,-0.009314365
405.90963792800903,0.03586959,1430,285,0.3243164,583680,0.9074261337518692,583680,50.0,-6.301976969999999,-3.6008809,8.197657e-05,-0.00096265954
407.25412034988403,0.041461952,1523,286,0.3359375,585728,0.900273784995079,585728,50.0,-5.974751659999999,-3.5883822,0.00010438445,0.0005197738
408.649395942688,0.03617958,1468,287,0.31523436,587776,0.8839039728045464,587776,50.0,-6.128600889999999,-3.5797977,6.984702e-05,-0.0004949379
410.016872882843,0.03238625,1498,288,0.31435546,589824,0.9221659004688263,589824,50.0,-6.357257700000002,-3.5669773,6.9620655e-05,-0.00017879202
411.3890120983124,0.03289942,1492,289,0.31269532,591872,0.92109464854002,591872,50.0,-6.38197559,-3.5779557,5.637472e-05,0.0018917073
412.9275698661804,0.05954244,1331,290,0.31557617,593920,0.9003442749381065,593920,50.0,-6.2097220900000005,-3.5923011,8.6427746e-05,0.0043892087
414.2850651741028,0.034101762,1509,291,0.31850585,595968,0.8740951716899872,595968,50.0,-6.189259160000001,-3.5796032,0.00012886224,-0.00078870205
415.6596953868866,0.031439904,1490,292,0.30234376,598016,0.9036781415343285,598016,50.0,-6.23449115,-3.5755787,5.933519e-05,0.0021895901
417.12391328811646,0.035194434,1399,293,0.31518555,600064,0.899360790848732,600064,50.0,-6.144148060000001,-3.5844681,7.8637204e-05,0.0009715669
418.46791076660156,0.032150637,1524,294,0.31323242,602112,0.8872704431414604,602112,50.0,-6.0450066399999995,-3.5718913,8.844274e-05,0.0050343033
419.92808842658997,0.044356324,1402,295,0.34038085,604160,0.9005618393421173,604160,50.0,-6.077363969999999,-3.559782,8.283985e-05,-5.169746e-05
421.42410469055176,0.037665926,1369,296,0.3395508,606208,0.9348472133278847,606208,50.0,-5.96685472,-3.5601203,5.6164175e-05,0.004881291
422.8247985839844,0.03548128,1463,297,0.32421875,608256,0.9274559170007706,608256,50.0,-6.082330129999999,-3.5683243,6.80036e-05,0.004393016
424.19296503067017,0.03343417,1497,298,0.31103516,610304,0.9182490035891533,610304,50.0,-6.134000370000001,-3.5884233,5.8265803e-05,-0.0032081516
425.53547525405884,0.04047749,1525,299,0.3401367,612352,0.8829337358474731,612352,50.0,-6.608146569999999,-3.6097007,0.00012698275,0.006537353
426.95047879219055,0.03572877,1447,300,0.31152344,614400,0.896356500685215,614400,50.0,-6.774235679999999,-3.6316986,0.000117296426,0.001612388
428.32170724868774,0.032280955,1493,301,0.30512697,616448,0.8454504013061523,616448,50.0,-6.56052454,-3.6495605,0.000103759616,0.0038560438
429.7806029319763,0.037528686,1404,302,0.32089844,618496,0.8741022348403931,618496,50.0,-6.438406890000001,-3.6614196,0.00010225639,-0.0032509025
431.18420910835266,0.03894409,1459,303,0.3430664,620544,0.880931943655014,620544,50.0,-6.3606964900000005,-3.673492,8.957875e-05,-0.0012301186
432.62602186203003,0.04652955,1420,304,0.3380371,622592,0.907441258430481,622592,50.0,-6.29983848,-3.6744895,9.300494e-05,0.0029723898
434.12281584739685,0.03784034,1368,305,0.33842772,624640,0.9015691950917244,624640,50.0,-6.469500590000001,-3.6631503,8.6591535e-05,0.011075636
435.56027388572693,0.03381164,1425,306,0.31245118,626688,0.8823337256908417,626688,50.0,-6.321184849999998,-3.6563325,0.00010131193,-0.00050405785
437.0629155635834,0.041256126,1363,307,0.34389648,628736,0.9264262616634369,628736,50.0,-6.4054821,-3.6495101,6.7817884e-05,0.0045830635
438.4167950153351,0.048169844,1513,308,0.35961914,630784,0.8987503126263618,630784,50.0,-6.180714449999999,-3.6298165,7.738364e-05,-0.00311467
439.8149802684784,0.038955234,1465,309,0.33432618,632832,0.9143148139119148,632832,50.0,-6.62386966,-3.6162956,8.071851e-05,0.001079744
441.2417597770691,0.039846674,1435,310,0.3383301,634880,0.927506648004055,634880,50.0,-6.48477811,-3.615015,8.107713e-05,0.0033816032
442.64824891090393,0.037549783,1456,311,0.31435546,636928,0.8970646783709526,636928,50.0,-6.3917366300000005,-3.6059728,9.471353e-05,-0.00047905734
444.0329372882843,0.031530682,1479,312,0.31655273,638976,0.8287601172924042,638976,50.0,-6.403848040000001,-3.5921052,0.00011250904,0.0025372396
445.42744183540344,0.033612873,1468,313,0.30429688,641024,0.906373456120491,641024,50.0,-6.347298169999998,-3.5750122,7.222891e-05,0.003567481
446.8084366321564,0.047656555,1483,314,0.34785157,643072,0.8632895350456238,643072,50.0,-6.178651230000002,-3.5894356,9.698295e-05,-0.00828434
448.2527391910553,0.031058788,1418,315,0.30385742,645120,0.9015791490674019,645120,50.0,-6.275327169999998,-3.5956638,8.047169e-05,-0.0020852098
449.72243094444275,0.043025803,1393,316,0.3284668,647168,0.8819536864757538,647168,50.0,-6.4117129099999985,-3.5880687,0.00012290565,0.0039114263
451.1936342716217,0.03165949,1392,317,0.30893555,649216,0.8893452510237694,649216,50.0,-6.423386809999999,-3.5975373,8.983229e-05,0.0044888905
452.61026787757874,0.04282694,1446,318,0.33085936,651264,0.8596273809671402,651264,50.0,-6.551528060000001,-3.6098685,0.00013357599,0.00034495443
454.07151341438293,0.03771793,1401,319,0.34028322,653312,0.8418405205011368,653312,50.0,-6.42190252,-3.604332,0.000119090764,0.0008806448
455.41956758499146,0.03899626,1519,320,0.32495117,655360,0.8955903723835945,655360,50.0,-6.589043959999999,-3.6129506,0.00011396078,-0.005245351
456.7956693172455,0.043858465,1488,321,0.3397461,657408,0.8275459110736847,657408,50.0,-6.272288869999999,-3.6355605,0.00012068278,-0.001141594
458.17577052116394,0.043069612,1484,322,0.35195312,659456,0.8796666190028191,659456,50.0,-6.14714257,-3.64358,9.3138966e-05,-0.00016271866
459.50580859184265,0.036468662,1540,323,0.3171875,661504,0.9032745957374573,661504,50.0,-6.170924160000002,-3.6419575,7.907198e-05,0.00035950472
460.82772946357727,0.064281076,1549,324,0.34038085,663552,0.8575534522533417,663552,50.0,-6.67064972,-3.6412563,9.2236165e-05,0.0053768726
462.32296800613403,0.0388943,1369,325,0.3322754,665600,0.8589725643396378,665600,50.0,-6.729784810000001,-3.6449542,0.00011701121,0.0013160997
463.6793396472931,0.03615327,1510,326,0.33671874,667648,0.8491488099098206,667648,50.0,-6.772254890000002,-3.6305041,0.00014442693,0.0040235627
464.99805974960327,0.033564813,1553,327,0.31894532,669696,0.8982679098844528,669696,50.0,-6.82606148,-3.6288028,9.362326e-05,0.0063037695
466.31053948402405,0.039186798,1560,328,0.33344728,671744,0.8873075768351555,671744,50.0,-6.60001831,-3.6387775,0.0001226548,0.002461366
467.67714762687683,0.033565775,1498,329,0.31201172,673792,0.8941317275166512,673792,50.0,-6.3576257499999995,-3.6422508,9.0727124e-05,0.0043281405
469.0327787399292,0.036871344,1511,330,0.32460937,675840,0.913926012814045,675840,50.0,-6.284226440000001,-3.6532273,8.4660205e-05,0.004362119
470.41648960113525,0.03492471,1480,331,0.32817382,677888,0.9168353527784348,677888,50.0,-6.686298950000001,-3.6527221,9.517199e-05,-0.00035101734
471.810156583786,0.03293645,1469,332,0.32348633,679936,0.907543957233429,679936,50.0,-6.6663485200000006,-3.6492214,8.264416e-05,0.0022360361
473.28643250465393,0.03244019,1387,333,0.31210938,681984,0.9212977737188339,681984,50.0,-6.4078972499999995,-3.6592631,8.22757e-05,0.0027693086
474.6510078907013,0.03404391,1501,334,0.3161621,684032,0.8775456324219704,684032,50.0,-6.3030269699999995,-3.6619296,0.00010205894,-0.0010871668
476.03393030166626,0.037665695,1481,335,0.33813477,686080,0.9025520086288452,686080,50.0,-6.1781690099999995,-3.659439,8.747816e-05,0.0013499901
477.3763072490692,0.03873084,1526,336,0.34243163,688128,0.9043617099523544,688128,50.0,-6.311934560000001,-3.6717026,8.5425454e-05,-0.00036208765
478.7118036746979,0.03817045,1533,337,0.33374023,690176,0.8912852108478546,690176,50.0,-6.563582349999999,-3.6731777,9.444023e-05,-0.00049344834
480.04668378829956,0.035293616,1534,338,0.3154785,692224,0.8587736040353775,692224,50.0,-6.4858787599999985,-3.6639066,0.00012016784,-0.0024196715
481.3655607700348,0.04449777,1553,339,0.33847657,694272,0.9034649431705475,694272,50.0,-6.416971480000002,-3.6661086,0.00010073697,-0.00039191992
482.6915373802185,0.048826415,1544,340,0.35307616,696320,0.8822666853666306,696320,50.0,-6.58538485,-3.6752343,0.00014845199,0.003314744
484.04477620124817,0.028587336,1513,341,0.2948242,698368,0.8803136348724365,698368,50.0,-6.45619978,-3.6859112,0.00010507538,0.004127261
485.55403876304626,0.035501737,1357,342,0.3236328,700416,0.8732573837041855,700416,50.0,-6.19279447,-3.7020512,0.0001137902,0.0013500566
487.0892035961151,0.040878486,1334,343,0.33818358,702464,0.9066701680421829,702464,50.0,-6.462723010000001,-3.7121964,9.529364e-05,0.0045076907
488.5106017589569,0.031991187,1446,344,0.31333008,704512,0.8984713181853294,704512,50.0,-6.5021656299999995,-3.710177,9.580685e-05,0.0056788656
489.9104838371277,0.027665053,1463,345,0.28471678,706560,0.8699995279312134,706560,50.0,-6.401699910000001,-3.7156112,0.00010912736,0.0019756542
491.3332505226135,0.035129014,1439,346,0.30991212,708608,0.8650638163089752,708608,50.0,-6.25567275,-3.7405725,0.00012623468,0.002850966
492.7082087993622,0.039750725,1489,347,0.34389648,710656,0.8955924287438393,710656,50.0,-6.4135333,-3.7629104,9.140139e-05,0.0013534697
494.0379102230072,0.0325104,1540,348,0.31025392,712704,0.8488873690366745,712704,50.0,-6.414746009999999,-3.7557163,0.0001215542,0.0018451292
495.38282465934753,0.027859572,1523,349,0.28925782,714752,0.886762298643589,714752,50.0,-6.329579149999998,-3.7454007,0.00010008951,0.0018179886
496.76468563079834,0.043550003,1482,350,0.33461913,716800,0.8226241171360016,716800,50.0,-6.56433929,-3.7356772,0.00017629015,0.006016762
498.2164342403412,0.03308979,1411,351,0.3158203,718848,0.8735236674547195,718848,50.0,-6.54746049,-3.7182527,0.00013295295,0.0026211669
499.6663432121277,0.043549173,1412,352,0.3482422,720896,0.9088874086737633,720896,50.0,-6.7462385000000005,-3.69649,9.442552e-05,0.003515449
501.041396856308,0.04123169,1489,353,0.34179688,722944,0.898496150970459,722944,50.0,-6.617532699999998,-3.698464,0.00011665822,0.0011979825
502.35624051094055,0.036875494,1557,354,0.33076173,724992,0.8760876208543777,724992,50.0,-6.424485469999999,-3.702903,0.000109568864,0.0037611793
503.7250871658325,0.043795392,1502,355,0.34189454,727040,0.900071382522583,727040,50.0,-6.3362478499999995,-3.699435,0.00012354876,0.0018373572
505.0409429073334,0.041525044,1556,356,0.33666992,729088,0.9125882685184479,729088,50.0,-6.36244114,-3.712719,8.608035e-05,0.0011865844
506.35873794555664,0.030242521,1554,357,0.29692382,731136,0.8822512850165367,731136,50.0,-6.2295376099999995,-3.7210445,9.760382e-05,0.0012649341
507.7212944030762,0.039418943,1503,358,0.34106445,733184,0.9056862518191338,733184,50.0,-6.156362650000001,-3.7402492,0.00010294578,0.005634449
509.05677556991577,0.045426246,1533,359,0.32231444,735232,0.8746439218521118,735232,50.0,-6.3511404,-3.751514,0.00010775507,-0.0003693256
510.3905827999115,0.038568486,1535,360,0.321875,737280,0.8848454877734184,737280,50.0,-5.944838159999998,-3.7550378,9.8601115e-05,0.0023342075
511.7131872177124,0.038744245,1548,361,0.34560546,739328,0.9169242978096008,739328,50.0,-6.04529052,-3.7666125,8.1671584e-05,0.0046253945
513.0291056632996,0.033825513,1556,362,0.3179199,741376,0.8487013876438141,741376,50.0,-5.69821831,-3.7797291,9.687009e-05,0.004350795
514.3519287109375,0.042295814,1548,363,0.34873047,743424,0.9078710079193115,743424,50.0,-6.046212040000001,-3.785904,9.462707e-05,-0.0014661672
515.6879589557648,0.036194645,1533,364,0.33242187,745472,0.8822835236787796,745472,50.0,-6.52137852,-3.7970707,0.00014298057,0.0022657788
517.0812835693359,0.035726093,1470,365,0.31782228,747520,0.9226128607988358,747520,50.0,-6.532709310000001,-3.8004613,8.5000545e-05,0.005060411
518.4156827926636,0.03398342,1535,366,0.31259766,749568,0.9126807078719139,749568,50.0,-6.307007329999998,-3.7935414,8.829023e-05,0.001668375
519.8101615905762,0.045701616,1468,367,0.34423828,751616,0.8970832899212837,751616,50.0,-6.241740619999999,-3.7932618,9.8327546e-05,0.0016815991
521.166181564331,0.03691682,1510,368,0.34541017,753664,0.8821714371442795,753664,50.0,-5.94338693,-3.7956662,9.506555e-05,0.0068918345
522.5152051448822,0.040231965,1518,369,0.34433594,755712,0.9347291812300682,755712,50.0,-5.7248528599999995,-3.7868717,5.4147753e-05,0.0050050505
523.8543546199799,0.03711854,1529,370,0.31596678,757760,0.899444691836834,757760,50.0,-5.7201942500000005,-3.78387,7.306068e-05,0.0036410033
525.1767241954803,0.03422695,1549,371,0.3194336,759808,0.805296003818512,759808,50.0,-5.52679489,-3.7996202,0.00011529946,0.0075966874
526.5659818649292,0.033871546,1479,372,0.32070312,761856,0.8896807208657265,761856,50.0,-5.433859259999999,-3.8173478,9.262039e-05,0.0043314537
527.9435729980469,0.03199604,1487,373,0.32250977,763904,0.8668669611215591,763904,50.0,-5.473244620000002,-3.8369224,0.00012722265,0.0050005247
529.3333342075348,0.04024406,1473,374,0.33378905,765952,0.8940546214580536,765952,50.0,-5.7408027299999995,-3.8403308,0.00010649396,0.009431681
530.7462577819824,0.04255546,1449,375,0.3470215,768000,0.8804885596036911,768000,50.0,-6.04987664,-3.833224,0.00010256873,0.007609442
532.1262722015381,0.034997463,1484,376,0.32734376,770048,0.9140827879309654,770048,50.0,-5.80346024,-3.825122,7.336175e-05,0.008196757
533.491509437561,0.036179844,1500,377,0.33793944,772096,0.9121516421437263,772096,50.0,-5.806717099999998,-3.827945,8.0892474e-05,-0.00039429724
534.8558008670807,0.047601465,1501,378,0.33637697,774144,0.8443203717470169,774144,50.0,-6.1138895600000005,-3.817871,0.00017127578,0.000820079
536.3196773529053,0.035137754,1399,379,0.2911133,776192,0.8780312463641167,776192,50.0,-6.33743849,-3.8066838,0.00012972366,0.008706364
537.7030310630798,0.03789142,1480,380,0.34335938,778240,0.8653595745563507,778240,50.0,-6.498334520000001,-3.7899697,0.00022451102,0.004257354
539.1723976135254,0.032479554,1394,381,0.30390626,780288,0.8849633112549782,780288,50.0,-6.61494373,-3.7903621,0.00013143432,0.0019921833
540.4911472797394,0.044793174,1553,382,0.3486328,782336,0.8812971785664558,782336,50.0,-6.28264961,-3.8101745,0.00014068525,-0.0010232048
541.878262758255,0.030037606,1482,383,0.30288085,784384,0.8436771333217621,784384,50.0,-6.0093605100000005,-3.8102276,0.00017549601,0.001479328
543.2050564289093,0.038835615,1543,384,0.3421875,786432,0.8699982911348343,786432,50.0,-5.81814229,-3.8122647,0.00013292732,0.008525686
544.5277936458588,0.03660191,1548,385,0.32475585,788480,0.8956905603408813,788480,50.0,-5.7842984699999995,-3.81261,0.00011118142,0.0041905856
545.8677027225494,0.03639211,1528,386,0.33164063,790528,0.9292080923914909,790528,50.0,-5.756412099999999,-3.8152795,7.231244e-05,0.004282927
547.2668299674988,0.04327435,1464,387,0.36816406,792576,0.9021194875240326,792576,50.0,-6.107540479999999,-3.8118176,0.00011482878,0.008307367
548.6542782783508,0.034398887,1476,388,0.31289062,794624,0.8837464600801468,794624,50.0,-6.13330645,-3.8095958,0.00014223866,0.005523321
550.1023609638214,0.035771478,1414,389,0.33642578,796672,0.8715667128562927,796672,50.0,-6.1323637600000005,-3.805518,0.0001253837,0.0092347395
551.4916169643402,0.031003375,1474,390,0.3022461,798720,0.8899505138397217,798720,50.0,-5.95247892,-3.7954795,0.00012493748,0.004303105
552.894778251648,0.034716666,1459,391,0.31269532,800768,0.9200149327516556,800768,50.0,-5.838726320000001,-3.8096976,7.6037366e-05,0.0049951975
554.2309236526489,0.03491955,1533,392,0.32211915,802816,0.9303195178508759,802816,50.0,-6.14327034,-3.8383632,8.539533e-05,0.003108963
555.5479996204376,0.03459449,1555,393,0.31958008,804864,0.8807607516646385,804864,50.0,-5.967785190000001,-3.8456607,0.000119701705,0.0063670883
556.874568939209,0.04256814,1544,394,0.34624022,806912,0.9104633927345276,806912,50.0,-5.967854980000002,-3.856501,8.556225e-05,0.0019643302
558.1927990913391,0.043183744,1553,395,0.33085936,808960,0.9195257648825645,808960,50.0,-5.92745815,-3.8602061,9.497108e-05,0.002776086
559.5043127536774,0.044689305,1561,396,0.3495117,811008,0.9190874770283699,811008,50.0,-5.906748839999999,-3.8485153,7.45837e-05,0.0025391679
560.8307483196259,0.04583653,1544,397,0.3791504,813056,0.8580302894115448,813056,50.0,-5.690570939999999,-3.8379664,0.00010333435,0.010682632
562.1445782184601,0.041909523,1559,398,0.34384766,815104,0.9170650094747543,815104,50.0,-5.658831060000001,-3.8163872,9.369761e-05,0.0056708767
563.4611358642578,0.036661692,1555,399,0.30942383,817152,0.907307356595993,817152,50.0,-5.50222895,-3.7949204,6.649012e-05,0.008182622
564.7753274440765,0.035905696,1558,400,0.3251465,819200,0.9226729646325111,819200,50.0,-5.7977792599999995,-3.790783,7.41639e-05,0.004883117
566.0889670848846,0.032795064,1559,401,0.32416993,821248,0.880050964653492,821248,50.0,-5.928037419999999,-3.8068757,0.00011979243,-0.0048411624
567.4482913017273,0.033994026,1512,402,0.31772462,823296,0.9000140950083733,823296,50.0,-5.725004499999999,-3.8168113,7.77683e-05,0.0031618061
568.8053576946259,0.053125285,1509,403,0.35473633,825344,0.9237307533621788,825344,50.0,-5.71912348,-3.830649,8.976423e-05,0.0040591327
570.1260883808136,0.03789165,1551,404,0.33447266,827392,0.9011281281709671,827392,50.0,-5.60918317,-3.8367603,8.0631005e-05,-0.0016246215
571.4377658367157,0.036278527,1561,405,0.32250977,829440,0.9065730646252632,829440,50.0,-5.67006842,-3.83059,8.702367e-05,0.0019989084
572.767117023468,0.24620588,1540,406,0.33876953,831488,0.8784426674246788,831488,50.0,-5.78889659,-3.8267574,7.3468305e-05,0.00021482198
574.0848309993744,0.045638587,1554,407,0.32998046,833536,0.9062826782464981,833536,50.0,-5.95694532,-3.828968,0.00011170888,0.0069331005
575.4022469520569,0.032104183,1554,408,0.31640625,835584,0.9029565155506134,835584,50.0,-5.9616006,-3.838791,0.00011026298,-0.0018334349
576.7316143512726,0.040487546,1540,409,0.3449707,837632,0.8821061477065086,837632,50.0,-5.77655529,-3.8492553,9.834464e-05,-0.0015970969
578.1008541584015,0.03795337,1501,410,0.33183593,839680,0.8900105282664299,839680,50.0,-5.726002619999998,-3.865169,9.698116e-05,0.0039351615
579.5011918544769,0.04697241,1462,411,0.32226562,841728,0.8504395931959152,841728,50.0,-5.67386796,-3.8774743,0.00014603193,-0.0007155647
581.0364127159119,0.052859504,1334,412,0.35351562,843776,0.8708548694849014,843776,50.0,-6.03710068,-3.8793538,0.0001325488,6.6008935e-05
582.4192650318146,0.04050535,1481,413,0.3534668,845824,0.8816602900624275,845824,50.0,-6.362625380000001,-3.8702934,0.00011458935,0.00265902
583.7695200443268,0.034439895,1517,414,0.31391603,847872,0.8561015576124191,847872,50.0,-6.199632220000001,-3.87141,0.00012730621,0.00436492
585.1638567447662,0.039531715,1469,415,0.3321289,849920,0.8737681955099106,849920,50.0,-6.208779590000001,-3.8804333,0.00012339515,0.0029317508
586.4777820110321,0.031224307,1559,416,0.29179686,851968,0.8853011801838875,851968,50.0,-5.94319057,-3.894878,0.00010474713,0.001798419
587.8228685855865,0.042848594,1523,417,0.3425781,854016,0.9289124086499214,854016,50.0,-6.01742166,-3.9100785,8.9855064e-05,0.006059167
589.2393229007721,0.034889758,1446,418,0.3222168,856064,0.9045702591538429,856064,50.0,-6.1966734400000005,-3.9130173,0.00011098622,0.0048461617
590.6337041854858,0.04051044,1469,419,0.34106445,858112,0.8904969915747643,858112,50.0,-5.99035754,-3.9093442,9.2664915e-05,0.0013964144
592.0123469829559,0.034036253,1485,420,0.3052246,860160,0.9143804833292961,860160,50.0,-5.8584653100000015,-3.9281857,7.937942e-05,0.0022071155
593.3628132343292,0.03361085,1516,421,0.32753906,862208,0.9228830263018608,862208,50.0,-6.101554080000002,-3.9324946,8.967368e-05,0.006911602
594.6874167919159,0.04164616,1546,422,0.33442384,864256,0.9530130177736282,864256,50.0,-5.969569270000001,-3.9255214,5.0190447e-05,0.0076828143
596.0662162303925,0.04474001,1485,423,0.339209,866304,0.9123637080192566,866304,50.0,-6.072894599999999,-3.9282246,8.5538595e-05,-0.007219738
597.4163725376129,0.038889553,1517,424,0.3310547,868352,0.9382695071399212,868352,50.0,-6.198610700000001,-3.935971,7.3647374e-05,0.0055097714
598.7514753341675,0.03493327,1534,425,0.32841796,870400,0.9430278390645981,870400,50.0,-6.39836745,-3.9399025,7.878407e-05,0.0033180155
600.0607089996338,0.03739409,1564,426,0.3208496,872448,0.8655426949262619,872448,50.0,-6.170239510000001,-3.9358916,9.637258e-05,-0.0009659187
601.3666858673096,0.0433287,1568,427,0.34052736,874496,0.8827776834368706,874496,50.0,-5.80953261,-3.9376056,0.00010521737,0.0065754107
602.6722123622894,0.04592944,1569,428,0.340625,876544,0.9088279604911804,876544,50.0,-6.157982719999999,-3.937624,0.00012649968,0.0058899643
603.9783437252045,0.047462225,1568,429,0.32250977,878592,0.9108686223626137,878592,50.0,-6.134613549999999,-3.9400406,7.576951e-05,-0.001231062
605.2755722999573,0.040792044,1579,430,0.3409668,880640,0.8986082077026367,880640,50.0,-6.007996159999999,-3.95217,8.63257e-05,0.009361823
606.5883493423462,0.03867004,1560,431,0.34018555,882688,0.935524083673954,882688,50.0,-6.104318900000002,-3.956361,7.486898e-05,0.0012811803
607.9380593299866,0.03339434,1517,432,0.3070801,884736,0.9289945438504219,884736,50.0,-6.33854033,-3.960036,8.878574e-05,0.004845048
609.3577916622162,0.042923745,1442,433,0.3232422,886784,0.8908191248774529,886784,50.0,-6.197653459999999,-3.9606273,0.00010944983,0.0027685026
610.9122135639191,0.056091614,1317,434,0.36342773,888832,0.8672331124544144,888832,50.0,-6.391578269999999,-3.953916,0.00012690653,0.008365293
612.3740034103394,0.0388122,1401,435,0.32587892,890880,0.9087010398507118,890880,50.0,-6.32787017,-3.9543507,0.000103411134,0.0038180086
613.7913331985474,0.04016174,1445,436,0.340625,892928,0.8911280557513237,892928,50.0,-6.08210262,-3.9353344,0.00010432796,0.005298533
615.1936407089233,0.044664223,1460,437,0.3416504,894976,0.9151832088828087,894976,50.0,-5.95956874,-3.9129906,9.643908e-05,0.0010502713
616.6966640949249,0.03517571,1362,438,0.3190918,897024,0.9144376143813133,897024,50.0,-5.924913510000001,-3.9147758,9.150892e-05,-0.002019717
618.1729459762573,0.03286785,1387,439,0.32294923,899072,0.902558721601963,899072,50.0,-5.428971519999999,-3.9155815,8.132372e-05,0.0034948322
619.5858416557312,0.035912547,1449,440,0.3290039,901120,0.9116767346858978,901120,50.0,-5.298681039999999,-3.921587,6.607834e-05,0.007390456
620.959166765213,0.040293276,1491,441,0.3456543,903168,0.8935014978051186,903168,50.0,-5.607448799999999,-3.935772,8.733354e-05,0.01130468
622.3407685756683,0.035982173,1482,442,0.32250977,905216,0.907102182507515,905216,50.0,-5.843240360000001,-3.9306197,0.00010653804,0.0034348653
623.73455286026,0.037841912,1469,443,0.3379883,907264,0.8902473971247673,907264,50.0,-5.73539305,-3.9090798,0.00010929395,0.0074563934
625.1206448078156,0.034618847,1477,444,0.32783204,909312,0.9322623312473297,909312,50.0,-5.86147513,-3.8974,7.738227e-05,-0.0005804545
626.4949085712433,0.040802103,1490,445,0.34560546,911360,0.9205546677112579,911360,50.0,-5.85158777,-3.9108036,8.691188e-05,0.0022444208
627.8438587188721,0.03502767,1518,446,0.33154297,913408,0.9188996031880379,913408,50.0,-5.458784360000002,-3.940892,7.4944735e-05,0.0005730856
629.1581490039825,0.037980627,1558,447,0.3352539,915456,0.914564959704876,915456,50.0,-5.375167999999999,-3.9421725,8.841772e-05,0.0045845886
630.5787386894226,0.039334204,1441,448,0.35004884,917504,0.9074006006121635,917504,50.0,-5.508420189999999,-3.940436,8.001073e-05,0.0039329147
632.0616130828857,0.030193353,1381,449,0.30283204,919552,0.9234911873936653,919552,50.0,-5.275387909999999,-3.953014,5.9708214e-05,0.0055713607
633.5439381599426,0.039409194,1381,450,0.33637697,921600,0.9380929209291935,921600,50.0,-5.39026729,-3.962211,6.0636106e-05,0.004888211
635.0021176338196,0.043150604,1404,451,0.3482422,923648,0.9462295211851597,923648,50.0,-5.603215869999999,-3.9594398,6.0006732e-05,0.0010282946
636.3324766159058,0.036738895,1539,452,0.31679687,925696,0.9192031696438789,925696,50.0,-5.625119940000001,-3.9662545,6.810859e-05,0.0071654515
637.6699306964874,0.028853536,1531,453,0.2980957,927744,0.9320297315716743,927744,50.0,-5.17820773,-3.9780438,5.4737837e-05,0.007355544
639.0162944793701,0.04017441,1521,454,0.3623535,929792,0.9154691249132156,929792,50.0,-5.16357718,-3.9857755,7.029432e-05,0.0077929324
640.4515964984894,0.045089398,1427,455,0.3498047,931840,0.9417582899332047,931840,50.0,-5.348427590000001,-3.9819496,7.072789e-05,0.0062411935
642.0311288833618,0.056357346,1297,456,0.34868163,933888,0.9353617504239082,933888,50.0,-5.641190740000001,-3.975645,7.158873e-05,0.0063313
643.4526896476746,0.05186717,1441,457,0.3466797,935936,0.846508577466011,935936,50.0,-5.97389314,-3.978711,9.3275936e-05,0.009406634
644.8153684139252,0.037494637,1503,458,0.32841796,937984,0.9391175881028175,937984,50.0,-5.74630667,-3.994184,6.0155184e-05,0.0054744678
646.2056586742401,0.03699401,1478,459,0.33359376,940032,0.9360530748963356,940032,50.0,-5.54645243,-3.9945188,5.4195854e-05,0.003566529
647.6547770500183,0.03121743,1413,460,0.30771485,942080,0.9482783302664757,942080,50.0,-5.5394122600000015,-3.979697,5.1623887e-05,-0.0004757825
649.1191737651825,0.046001047,1398,461,0.3359375,944128,0.9092358648777008,944128,50.0,-5.88607662,-3.9805386,0.00010743082,0.0032089886
650.4930641651154,0.035184555,1491,462,0.31142578,946176,0.9133376702666283,946176,50.0,-6.04584779,-3.9918513,7.307789e-05,6.586806e-05
651.9612376689911,0.038685508,1399,463,0.32045898,948224,0.9467956833541393,948224,50.0,-5.70197176,-4.006469,5.6642435e-05,0.0016061146
653.3540105819702,0.036333892,1470,464,0.3227539,950272,0.9179355651140213,950272,50.0,-5.750646380000001,-4.016081,7.33622e-05,0.005094535
654.7462701797485,0.075483955,1471,465,0.3449707,952320,0.9056348502635956,952320,50.0,-5.38351705,-4.007994,6.494781e-05,0.0071436265
656.2726321220398,0.038351007,1342,466,0.33164063,954368,0.9552310816943645,954368,50.0,-5.539529869999998,-3.9908001,5.659383e-05,0.0018749855
657.9895970821381,0.04211155,1193,467,0.3395508,956416,0.9530047997832298,956416,50.0,-5.70614428,-3.9652302,4.7887832e-05,0.0034539327
659.5779991149902,0.04117695,1289,468,0.35322267,958464,0.9269345551729202,958464,50.0,-5.712650029999999,-3.9529274,6.931841e-05,0.009381494
661.2117240428925,0.036282927,1253,469,0.3185547,960512,0.9263605922460556,960512,50.0,-5.774513850000002,-3.9653423,8.440013e-05,-0.002007538
662.7269487380981,0.036130816,1351,470,0.32719725,962560,0.9297089949250221,962560,50.0,-5.769480040000001,-3.967236,5.452748e-05,0.0047878916
664.0814619064331,0.039089926,1512,471,0.34150392,964608,0.9360989630222321,964608,50.0,-5.77216319,-3.9589698,6.454739e-05,0.0031625596
665.451171875,0.034204207,1495,472,0.3203125,966656,0.9154508262872696,966656,50.0,-5.8105875000000005,-3.9673634,7.914203e-05,0.0041631544
666.830265045166,0.050947618,1491,473,0.36201173,968704,0.9262142404913902,968704,50.0,-5.828871499999999,-3.9677575,7.804729e-05,0.0048956824
668.21142411232,0.034152854,1483,474,0.3175293,970752,0.9457008726894855,970752,50.0,-5.81439293,-3.9504285,6.364897e-05,0.0022689367
669.5367867946625,0.033611864,1545,475,0.31879884,972800,0.9287440180778503,972800,50.0,-5.83336766,-3.947785,7.186447e-05,0.0027610108
670.9996318817139,0.07233182,1400,476,0.3647949,974848,0.9226625710725784,974848,50.0,-6.03357399,-3.9427228,7.798846e-05,0.0055767456
672.3116636276245,0.038448192,1561,477,0.33242187,976896,0.9061806425452232,976896,50.0,-6.028233919999999,-3.9600968,0.000105792366,0.0065338025
673.6913321018219,0.03687976,1484,478,0.33969727,978944,0.9441060833632946,978944,50.0,-6.16527346,-3.9793167,6.2646905e-05,0.006341763
675.0015025138855,0.03788086,1563,479,0.32192382,980992,0.9466338120400906,980992,50.0,-5.83897648,-3.9885602,6.490857e-05,0.0034677282
676.4189710617065,0.039758615,1445,480,0.3461914,983040,0.9315204471349716,983040,50.0,-6.162686500000001,-3.9859397,9.4227566e-05,0.008140588
677.9434726238251,0.04182355,1343,481,0.3498047,985088,0.9230397939682007,985088,50.0,-6.258242840000001,-3.9770076,7.318692e-05,0.00300754
679.4702286720276,0.03836971,1341,482,0.34453124,987136,0.9199659302830696,987136,50.0,-6.23767065,-3.972468,8.241603e-05,0.011934487
680.8319201469421,0.051894486,1504,483,0.35507813,989184,0.9140422493219376,989184,50.0,-6.123594939999999,-3.9725544,7.9919526e-05,0.015211938
682.1905384063721,0.03904,1507,484,0.34516603,991232,0.9164834767580032,991232,50.0,-6.0055333100000015,-3.9582913,8.120985e-05,0.008063795
683.5917403697968,0.031980723,1461,485,0.3088379,993280,0.9000617861747742,993280,50.0,-6.261160089999999,-3.9612088,0.000108614375,0.004305939
684.9691135883331,0.0426075,1487,486,0.3498047,995328,0.9420566372573376,995328,50.0,-6.17441995,-3.9787598,7.4901865e-05,-0.0012494109
686.3179540634155,0.03687098,1518,487,0.33720702,997376,0.9365079775452614,997376,50.0,-6.213255,-3.9737244,7.033009e-05,0.0012008601
687.6649360656738,0.04813474,1520,488,0.37470704,999424,0.9145324900746346,999424,50.0,-5.850477939999999,-3.9817574,7.910675e-05,0.0061966274
